"49","2016/02/yerliler-1-e1456749683324.jpg"
"92","2016/03/12769530_10207186279148660_693064894_n-e1457020909115.jpg"
"104","2016/03/cropped-loacalcoverweb-3.jpg"
"107","2016/03/Screen-Shot-2016-03-04-at-14.56.56.png"
"108","2016/03/cropped-Screen-Shot-2016-03-04-at-14.56.56.png"
"314","2016/03/adamcik2a.png"
"315","2016/03/adamcik1a.png"
"333","2016/03/adamcik2a1.png"
"351","2016/03/wine-tasting.png"
"352","2016/03/Traditional-Tastes.png"
"353","2016/03/Pub-Crawl.png"
"354","2016/03/Running-and-Walking.png"
"355","2016/03/Sailing-and-Yatching.png"
"356","2016/03/Scuba-diving-Snorkeling.png"
"357","2016/03/Photo-Tour.png"
"358","2016/03/Pilgrimage-and-Spiritual.png"
"359","2016/03/Yoga-Pilates-and-Nature.png"
"361","2016/03/Local-Highlights.png"
"362","2016/03/Off-The-Beaten-Track.png"
"363","2016/03/Segway-Tour.png"
"364","2016/03/Shopping-Tour.png"
"365","2016/03/Walking-Tour.png"
"366","2016/03/Bicycle-Tour.png"
"368","2016/03/Boat-Tour-1.png"
"369","2016/03/City-Tour.png"
"370","2016/03/Meal-Together.png"
"371","2016/03/Cooking-Class.png"
"372","2016/03/Hiking-Trecking-and-Backpacking.png"
"373","2016/03/Mountain.png"
"375","2016/03/Bus-Tour.png"
"376","2016/03/Safari.png"
"377","2016/03/Driver.png"
"378","2016/03/Interpreter.png"
"379","2016/03/Beach-and-Sand.png"
"380","2016/03/Eco-village-Tour.png"
"381","2016/03/Farm-Tour.png"
"382","2016/03/National-Parks-Garden-and-Botanical.png"
"383","2016/03/Wildlife-Photography.png"
"384","2016/03/4WD-and-Off-Road-Adventures.png"
"385","2016/03/Surf-Winfsurf-and-Kitesurf.png"
"386","2016/03/Creative-Workshop.png"
"387","2016/03/Art-Museums.png"
"388","2016/03/Street-Art.png"
"403","2016/03/Heritage-and-Architecture.png"
"404","2016/03/Market-Tour.png"
"405","2016/03/History-and-Archeology.png"
"406","2016/03/Show-concert.png"
"411","2016/03/Photographer.png"
"412","2016/03/Naturist.png"
"413","2016/03/Foody.png"
"414","2016/03/Cultural-Tour.png"
"421","2016/03/dokuma10b.jpg"
"428","2016/03/Alashia-.png"
"429","2016/03/Alashia-1-1.png"
"431","2016/03/5973358219_f787c7d838_o.jpg"
"433","2016/03/5534928902_e2010dc24d_o.jpg"
"434","2016/03/5973998772_a7edebcdfb_o.jpg"
"435","2016/03/5973943584_de1cb01386_o.jpg"
"436","2016/03/image.jpg"
"467","2016/03/face.jpg"
"468","2016/03/gplus.jpg"
"469","2016/03/Untitled-1.png"
"470","2016/03/cropped-adamcik2a.png"
"473","2016/03/tick2.gif"
"474","2016/03/tick2.png"
"484","2016/03/Peace-and-Love.png"
"485","2016/03/Child-Friendly.png"
"486","2016/03/Disabled-Friendly.png"
"487","2016/03/Eco-friendly.png"
"488","2016/03/Drink-Taster.png"
"489","2016/03/Fashion-Addict.png"
"491","2016/03/Geek.png"
"492","2016/03/LGBTT.png"
"493","2016/03/Hipster.png"
"494","2016/03/Healthy-Lifestyle.png"
"495","2016/03/Motor-Cyclist.png"
"496","2016/03/Music-Lover.png"
"497","2016/03/Naturist-1.png"
"498","2016/03/Night-Lover.png"
"499","2016/03/Pet-Lover.png"
"500","2016/03/Photographer-1.png"
"501","2016/03/Rock-and-Roll.png"
"502","2016/03/Sportive.png"
"503","2016/03/Vegetarian.png"
"524","2016/03/IMG_4481.jpg"
"556","2016/03/Cyprus.png"
"558","2016/03/UK.jpg"
"571","2016/04/Apply-for-a-Loacal-account.png"
"610","2016/04/bg1b.png"
"614","2016/04/BG3a.png"
"626","2016/04/BG2c.png"
"631","2016/04/4248331786_7a1ebacbd1_o.jpg"
"632","2016/04/4551378117_eca2889c62_o.jpg"
"633","2016/04/4859633721_838ce895c2_o.jpg"
"634","2016/04/4931456621_b78579c9c9_o.jpg"
"635","2016/04/4963407096_28eee4d117_o.jpg"
"636","2016/04/5646662943_30ac458516_o.jpg"
"638","2016/04/5752945656_e160ea358f_o.jpg"
"641","2016/04/6035217307_989c1e8f1a_o.jpg"
"642","2016/04/6168595757_8271de1c78_o.jpg"
"643","2016/04/6169153566_ab2db7f655_o.jpg"
"644","2016/04/6169236650_e729a64177_o.jpg"
"646","2016/04/6691828441_751abbb65c_o.jpg"
"647","2016/04/6795446006_bf065eb965_o.jpg"
"648","2016/04/6814238078_70ede1ba76_o.jpg"
"649","2016/04/6941579557_af79d2f5ea_o.jpg"
"650","2016/04/6941660283_b3cbd69bff_o.jpg"
"651","2016/04/7030947575_6081761754_o.jpg"
"653","2016/04/7442196300_752648abde_o.jpg"
"655","2016/04/8056078105_4d356cfc27_o.jpg"
"658","2016/04/10832998554_da1cce4395_o.jpg"
"659","2016/04/13654586474_c26b338094_o.jpg"
"660","2016/04/13901633305_6dbaa088aa_o.jpg"
"661","2016/04/13902002024_ec48153a9c_o.jpg"
"669","2016/04/11694901_10156759381140158_7081505315196855244_n.jpg"
"670","2016/04/12472285_10156759380420158_1849975062738993661_n.jpg"
"671","2016/04/12494699_1582005835461158_693464135459642921_n.jpg"
"672","2016/04/12919889_10156759380270158_2537166921990482121_n.jpg"
"673","2016/04/12920529_1582005795461162_4463224754299909190_n.jpg"
"674","2016/04/12963691_10156759381005158_7695113819107077797_n.jpg"
"675","2016/04/12779018_10156515291745364_7852679547192421393_o.jpg"
"676","2016/04/12472713_1582006125461129_4730332213449148948_n.jpg"
"689","2016/04/vibroacousticharptherapylogo.jpg"
"692","2016/04/12788499_10154023265622996_675688740_o.jpg"
"693","2016/04/20160117_224502.png"
"694","2016/04/20160309_211702.png"
"695","2016/04/20160119_145243.jpg"
"702","2016/04/12227806_994524013904447_792359030111121692_n.png"
"713","2016/04/DSC0634.jpg"
"714","2016/04/kites-and-banans-LOGO-2.png"
"746","2016/04/images-e1460283312374.jpg"
"751","2016/04/10841968_10153247477995782_928344445602752660_o.jpg"
"752","2016/04/11080827_10153130449670782_7155110920699775176_o.jpg"
"766","2016/04/Screen-Shot-2016-04-10-at-14.45.14.png"
"767","2016/04/rustem-kitabevi.jpg"
"768","2016/04/4619166442_5bc70b612f.jpg"
"771","2016/04/DSC_6660.jpg"
"775","2016/04/DSC_6648.jpg"
"776","2016/04/DSC_6667.jpg"
"777","2016/04/DSC_6634.jpg"
"778","2016/04/DSC_6637.jpg"
"779","2016/04/DSC_6580mmmm.jpg"
"780","2016/04/Screen-Shot-2016-04-10-at-14.49.38.png"
"781","2016/04/Nicosia_by_Giacomo_Franco.jpg"
"782","2016/04/1234196_160973310764716_731945735_n.jpg"
"794","2016/04/logo.jpg"
"807","2016/04/example_pricing.png"
"812","2016/04/UK.png"
"815","2016/04/free-yoga.png"
"867","2016/04/12768347_10207223663803790_4549207894784808759_o.jpg"
"879","2016/04/882182_10208637522006342_4039738127246151516_o.jpg"
"880","2016/04/943774_1585862891742119_7602881084847986156_n.jpg"
"881","2016/04/10400251_1506279723013507_590589654272647757_n.jpg"
"882","2016/04/11694901_10156759381140158_7081505315196855244_n-1.jpg"
"883","2016/04/12418928_10153979720517302_3060703611148751317_o.jpg"
"884","2016/04/12422679_1253892797973754_436621087_n.mp4"
"885","2016/04/12472285_10156759380420158_1849975062738993661_n-1.jpg"
"886","2016/04/12472713_1582006125461129_4730332213449148948_n-1.jpg"
"887","2016/04/12494699_1582005835461158_693464135459642921_n-1.jpg"
"888","2016/04/12524263_10208637520886314_8859479692199127387_n.jpg"
"889","2016/04/12525573_10153979719447302_136483609610914809_o.jpg"
"890","2016/04/12525578_10153979720667302_6168201008608345124_o.jpg"
"891","2016/04/12717826_10208637522966366_5220426560334141557_n.jpg"
"892","2016/04/12764679_10153979720252302_7343358720984128250_o.jpg"
"893","2016/04/12764898_10153979719897302_3409723714822738523_o.jpg"
"894","2016/04/12779018_10156515291745364_7852679547192421393_o-1.jpg"
"895","2016/04/12779051_10153979719962302_8931840213078729674_o.jpg"
"896","2016/04/12792181_10208637524246398_7263540212971610381_o.jpg"
"897","2016/04/12819447_10208637522806362_9089881100370288722_o.jpg"
"898","2016/04/12919889_10156759380270158_2537166921990482121_n-1.jpg"
"899","2016/04/12920529_1582005795461162_4463224754299909190_n-1.jpg"
"900","2016/04/12963691_10156759381005158_7695113819107077797_n-1.jpg"
"901","2016/04/12987235_1585862841742124_4192948670359231501_n.jpg"
"902","2016/04/12993467_1585861548408920_8121189068461004986_n.jpg"
"903","2016/04/12998641_1585861425075599_450264384035510237_n.jpg"
"904","2016/04/20151011_154512.jpg"
"905","2016/04/20151115_151815.jpg"
"906","2016/04/20151118_153202-EFFECTS.jpg"
"907","2016/04/20151118_153246.jpg"
"908","2016/04/20151129_153754-EFFECTS.jpg"
"909","2016/04/20160103_132813.jpg"
"910","2016/04/20160116_153043.jpg"
"938","2016/04/cake3.jpg"
"939","2016/04/cake2.jpg"
"940","2016/04/cake1.jpg"
"943","2016/04/hiking2.jpg"
"944","2016/04/hiking3.jpg"
"945","2016/04/hiking4.jpg"
"946","2016/04/hiking5.jpg"
"947","2016/04/hiking1.jpg"
"948","2016/04/IMG_9159.jpg"
"949","2016/04/IMG_9568.jpg"
"959","2016/04/IMG_0008.jpg"
"960","2016/04/IMG_0141.jpg"
"961","2016/04/IMG_0256.jpg"
"962","2016/04/IMG_0266.jpg"
"963","2016/04/IMG_0434.jpg"
"964","2016/04/IMG_0623.jpg"
"965","2016/04/IMG_0867.jpg"
"966","2016/04/IMG_0900.jpg"
"967","2016/04/IMG_0922.jpg"
"968","2016/04/IMG_0926.jpg"
"969","2016/04/IMG_1030.jpg"
"970","2016/04/IMG_1098.jpg"
"971","2016/04/IMG_1130.jpg"
"972","2016/04/IMG_9768.jpg"
"973","2016/04/IMG_9870-e1462645151825.jpg"
"1000","2016/04/horse1.jpg"
"1001","2016/04/horse2.jpg"
"1002","2016/04/horse3.jpg"
"1003","2016/04/horse4.jpg"
"1004","2016/04/horse5.jpg"
"1005","2016/04/horse6.jpg"
"1006","2016/04/horse7.jpg"
"1007","2016/04/horse8.jpg"
"1008","2016/04/horse9.jpg"
"1009","2016/04/horse10.jpg"
"1010","2016/04/horse11.jpg"
"1011","2016/04/horse12.jpg"
"1012","2016/04/horse13.jpg"
"1013","2016/04/horse14.jpg"
"1014","2016/04/horse_logo.jpg"
"1015","2016/04/horse15.jpg"
"1016","2016/04/horse16.jpg"
"1017","2016/04/horse17-e1489839342420.jpg"
"1018","2016/04/horse18.jpg"
"1019","2016/04/horse19.jpg"
"1020","2016/04/horse20.jpg"
"1021","2016/04/horse_cover.jpg"
"1036","2016/04/logoeng.jpg"
"1037","2016/04/M-power-poster.jpg"
"1038","2016/04/10984495_10153895786074349_9000280945183844878_n.jpg"
"1039","2016/04/12115622_1085849671435002_8306099044856555825_n.jpg"
"1040","2016/04/12188930_10207759305449824_2575454896755155877_n.jpg"
"1041","2016/04/12193838_10153895514044349_3691499558958682238_n.jpg"
"1042","2016/04/12226486_10156125762215411_36878794_n.jpg"
"1043","2016/04/12243480_442523035945747_5355213179490024523_n.jpg"
"1044","2016/04/Cranberries-Poster.jpg"
"1045","2016/04/12358229_1016851708367478_1159306418_n.jpg"
"1048","2016/04/DSC_5736.jpg"
"1049","2016/04/DSC_5748.jpg"
"1050","2016/04/DSC_5750.jpg"
"1052","2016/04/DSC_5756.jpg"
"1053","2016/04/DSC_5761.jpg"
"1054","2016/04/DSC_5773.jpg"
"1055","2016/04/DSC_5774.jpg"
"1056","2016/04/DSC_5778.jpg"
"1057","2016/04/DSC_5781.jpg"
"1058","2016/04/DSC_5786.jpg"
"1059","2016/04/DSC_5792.jpg"
"1060","2016/04/DSC_5804.jpg"
"1062","2016/04/1655856_10207061709754677_179237157676984313_n-1.jpg"
"1075","2016/04/Dance.png"
"1076","2016/04/Horse-Riding.png"
"1116","2016/04/foto1.jpg"
"1117","2016/04/foto2.jpg"
"1118","2016/04/foto3.jpg"
"1120","2016/04/foto4.jpg"
"1121","2016/04/foto5.jpg"
"1122","2016/04/foto6.jpg"
"1123","2016/04/foto7.jpg"
"1124","2016/04/foto8.jpg"
"1125","2016/04/foto9.jpg"
"1127","2016/04/surf2.jpg"
"1130","2016/04/kurs.jpg"
"1146","2016/04/11014841_1608707379363600_2470899686212876142_n.jpg"
"1150","2016/04/10291815_109253672783842_6113976375091855433_n.jpg"
"1152","2016/04/Adventurous.png"
"1157","2016/04/lefkara1.jpg"
"1163","2016/04/main-pic.jpg"
"1164","2016/04/main-pic-1.jpg"
"1185","2016/04/dive1.jpg"
"1187","2016/04/11667472_10152857141896831_2979704640148838300_n.jpg"
"1190","2016/04/10443609_10152535562691240_2207766053444187836_n.jpg"
"1191","2016/04/10644880_10203652514466812_5955252706282621248_n.jpg"
"1192","2016/04/10418253_10152762624884928_4120726415375664862_n.jpg"
"1194","2016/04/10672251_10152714513633223_2033375017278077330_n.jpg"
"1195","2016/04/10463941_10152535564086240_1771968118870228474_n.jpg"
"1196","2016/04/10487331_826065197405180_6476626073767402087_n.jpg"
"1197","2016/04/10629834_10152681245464490_137463448415215359_n.jpg"
"1199","2016/04/10400813_10152535563196240_174537664166406841_n.jpg"
"1200","2016/04/logo-jpeg.jpg"
"1218","2016/05/Greece.png"
"1234","2016/05/patika1.jpg"
"1236","2016/05/likya-yolu.jpg"
"1237","2016/05/patika2.jpg"
"1238","2016/05/patika3.jpg"
"1239","2016/05/patika4.jpg"
"1240","2016/05/patika5.jpg"
"1241","2016/05/patika6.jpg"
"1242","2016/05/patika7.jpg"
"1249","2016/05/neriyoga1.jpg"
"1250","2016/05/neriyoga2.jpeg"
"1251","2016/05/neriyoga3.png"
"1252","2016/05/neriyoga4.jpg"
"1253","2016/05/neriyoga5.jpeg"
"1254","2016/05/neriyoga6.jpeg"
"1256","2016/05/hiking1.jpg"
"1257","2016/05/hiking2.jpg"
"1258","2016/05/hiking3.jpg"
"1259","2016/05/hiking4.jpg"
"1260","2016/05/hiking5.jpg"
"1261","2016/05/hiking6.jpg"
"1262","2016/05/hiking7.jpg"
"1263","2016/05/hiking9.jpg"
"1264","2016/05/hiking10.jpg"
"1265","2016/05/hiking11.jpg"
"1266","2016/05/hiking12.jpg"
"1267","2016/05/hiking13.jpg"
"1268","2016/05/hiking14.jpg"
"1269","2016/05/hiking15.jpg"
"1270","2016/05/hiking8.jpg"
"1271","2016/05/logo.jpg"
"1272","2016/05/hiking8-1.jpg"
"1273","2016/05/hiking16.jpg"
"1275","2016/05/hiking18.jpg"
"1276","2016/05/hiking19.jpg"
"1277","2016/05/hiking20.jpg"
"1278","2016/05/hiking22.jpg"
"1279","2016/05/hiking21.jpg"
"1291","2016/05/logo-1.jpg"
"1295","2016/05/bird1.jpg"
"1296","2016/05/bird2.jpg"
"1297","2016/05/bird3.jpg"
"1298","2016/05/bird4.jpg"
"1299","2016/05/bird5.jpg"
"1300","2016/05/bird6.jpg"
"1301","2016/05/bird7.jpg"
"1302","2016/05/bird8.jpg"
"1303","2016/05/bird9.jpg"
"1304","2016/05/bird10.jpg"
"1305","2016/05/bird11.jpg"
"1306","2016/05/bird12.jpg"
"1308","2016/05/birdtours.jpg"
"1309","2016/05/bird13.jpg"
"1310","2016/05/bird14.jpg"
"1311","2016/05/bird15.jpg"
"1312","2016/05/bird16.jpg"
"1313","2016/05/bird17.jpg"
"1314","2016/05/bird18.jpg"
"1315","2016/05/bird19.jpg"
"1316","2016/05/bird20.jpg"
"1317","2016/05/bird21.jpg"
"1318","2016/05/bird22.jpg"
"1319","2016/05/bird23.jpg"
"1320","2016/05/bird24.jpg"
"1321","2016/05/bird25.jpg"
"1322","2016/05/bird26.jpg"
"1343","2016/05/BG2d.png"
"1344","2016/05/BG2d2.png"
"1346","2016/05/Paragliding.png"
"1354","2016/05/babadag_paragliding.jpg"
"1355","2016/05/Extended-Thermaling-Flight.jpg"
"1356","2016/05/IMG_2875.jpg"
"1357","2016/05/oludeniz_paragliding.jpg"
"1358","2016/05/paragliding_wedding.jpg"
"1359","2016/05/s1.p1.jpg"
"1360","2016/05/s2.p1.jpg"
"1361","2016/05/s4.p1.jpg"
"1362","2016/05/s5.p1.jpg"
"1363","2016/05/Standart-Tandem-Flight.jpg"
"1364","2016/05/team2015.p1.jpg"
"1366","2016/05/kibris-magusa-lefkosa-turu_70513.jpg"
"1384","2016/05/Turkey3.png"
"1385","2016/05/Spain.png"
"1386","2016/05/howitworks-1.png"
"1387","2016/05/howitworks-2.png"
"1388","2016/05/howitworks-3.png"
"1400","2016/05/cycle1.jpg"
"1401","2016/05/cycle2.jpg"
"1402","2016/05/cycle3.jpg"
"1403","2016/05/cycle4.jpg"
"1404","2016/05/cycle5.jpg"
"1405","2016/05/cycle6.jpg"
"1406","2016/05/cycle7.jpg"
"1407","2016/05/cycle8.jpg"
"1408","2016/05/cycle9.jpg"
"1409","2016/05/cycle10.jpg"
"1410","2016/05/cycle11.jpg"
"1411","2016/05/cycle12.jpg"
"1412","2016/05/food1.jpg"
"1413","2016/05/food2.jpg"
"1414","2016/05/food3.jpg"
"1415","2016/05/local1.jpg"
"1416","2016/05/local2.jpg"
"1417","2016/05/logo-2.jpg"
"1418","2016/05/house1.jpg"
"1420","2016/05/bike1.jpg"
"1421","2016/05/bike2.jpg"
"1422","2016/05/bike4.jpg"
"1423","2016/05/bike3.jpg"
"1432","2016/05/kaleiçi-1.jpg"
"1433","2016/05/kaleiçi-2.jpg"
"1435","2016/05/antalya-1.jpg"
"1436","2016/05/antalya-2.jpg"
"1437","2016/05/antalya-3.jpg"
"1438","2016/05/bisiklet.jpg"
"1439","2016/05/UU.jpg"
"1441","2016/05/karacaören.jpg"
"1443","2016/05/burdur-1.jpg"
"1444","2016/05/burdur-2.jpg"
"1446","2016/05/citycycle1.jpg"
"1447","2016/05/citycycle2.jpg"
"1448","2016/05/citycycle3.jpg"
"1449","2016/05/citycycle4.jpg"
"1450","2016/05/citycycle5.jpg"
"1451","2016/05/citycycle6.jpg"
"1452","2016/05/citycycle7.jpg"
"1454","2016/05/altın-kum-karpaz.jpg"
"1455","2016/05/apostolos-andreas-Karpaz.jpg"
"1456","2016/05/arabahmet-lefkosa.jpg"
"1457","2016/05/buyuk-han-lefkosa.jpg"
"1458","2016/05/kantara-manzara.jpg"
"1459","2016/05/macunlar.jpg"
"1460","2016/05/soli-ruins.jpg"
"1461","2016/05/st-barnabas-monastry.jpg"
"1462","2016/05/st-hilarion-girne.jpg"
"1464","2016/05/BurakHender11.jpg"
"1488","2016/05/advert-paphos.jpg"
"1495","2016/05/DOĞA-VE-ARKEOLOJİ-MÜZESİ.jpg"
"1496","2016/05/girne-manzara.jpg"
"1497","2016/05/karpaz-sahil.jpg"
"1498","2016/05/venedik-sutunu.jpg"
"1499","2016/05/swan-of-soli.jpg"
"1505","2016/05/horse1.jpg"
"1506","2016/05/horse2.jpg"
"1507","2016/05/horse3.jpg"
"1508","2016/05/horse4.jpg"
"1509","2016/05/horse5.jpg"
"1510","2016/05/horse6.jpg"
"1511","2016/05/horse7.jpg"
"1512","2016/05/horse8-e1478946100911.jpg"
"1513","2016/05/logo-3.jpg"
"1515","2016/05/horse8-1.jpg"
"1516","2016/05/breakfas.jpg"
"1517","2016/05/breakfast.jpg"
"1520","2016/05/horse10.jpg"
"1521","2016/05/horse9.jpg"
"1526","2016/05/dive2.jpg"
"1529","2016/05/dive4.jpg"
"1530","2016/05/dive5.jpg"
"1534","2016/05/dive6.jpg"
"1546","2016/05/logo-4.jpg"
"1552","2016/05/Fishing.png"
"1554","2016/05/bouldering-paphos-eng.jpg"
"1559","2016/05/Organic-Vegetable-Picking.png"
"1570","2016/04/lefkara10.jpg"
"1571","2016/04/lefkara11.jpg"
"1572","2016/04/lefkara12.jpg"
"1585","2016/05/DSC_7376-yoga-3.jpg"
"1603","2016/05/IMG_0019.jpg"
"1604","2016/05/IMG_0060.jpg"
"1605","2016/05/IMG_0179.jpg"
"1606","2016/05/private-underwater-photography.jpg"
"1607","2016/05/three-islands-plane.jpg"
"1608","2016/05/three-islands.jpg"
"1609","2016/05/try-dive.jpg"
"1614","2016/05/IMG_0123.jpg"
"1615","2016/05/IMG_0124.jpg"
"1616","2016/05/IMG_0034.jpg"
"1621","2016/05/How-does-Loacal-work.png"
"1622","2016/05/Traditional-Handcraft-course.png"
"1623","2016/05/City-Photo-Tour.png"
"1630","2016/05/VahitKuran2.jpg"
"1631","2016/05/VahitKuran1.jpg"
"1632","2016/05/VahitKuran3.jpg"
"1633","2016/05/VahitKuran4.jpg"
"1634","2016/05/VahitKuran5.jpg"
"1635","2016/05/VahitKuran6.jpg"
"1658","2016/05/56501_10151206140694814_231083664_o.jpg"
"1659","2016/05/12440290_10154041461974814_1374485861952823736_o.jpg"
"1660","2016/05/12440598_10154041506784814_3366708794071247011_o.jpg"
"1661","2016/05/12885996_10154041530084814_5978548504024997112_o.jpg"
"1662","2016/05/12909459_10154041505989814_3430801697181507639_o.jpg"
"1664","2016/05/lala.jpg"
"1665","2016/05/lll.jpg"
"1666","2016/05/loacal......jpg"
"1669","2016/05/loacal..jpg"
"1670","2016/05/LOACAL.jpg"
"1671","2016/05/DSC_5887.jpg"
"1672","2016/05/DSC_5888.jpg"
"1673","2016/05/DSC_5889.jpg"
"1674","2016/05/DSC_5890.jpg"
"1675","2016/05/DSC_5891.jpg"
"1676","2016/05/DSC_5892.jpg"
"1677","2016/05/DSC_5898.jpg"
"1678","2016/05/DSC_5901.jpg"
"1679","2016/05/DSC_5904.jpg"
"1680","2016/05/DSC_5906.jpg"
"1681","2016/05/DSC_5909.jpg"
"1682","2016/05/DSC_5911.jpg"
"1683","2016/05/DSC_5914.jpg"
"1684","2016/05/DSC_5917.jpg"
"1685","2016/05/DSC_5918.jpg"
"1686","2016/05/DSC_5924.jpg"
"1687","2016/05/DSC_5926.jpg"
"1688","2016/05/DSC_5934.jpg"
"1689","2016/05/DSC_5938.jpg"
"1690","2016/05/DSC_5942.jpg"
"1691","2016/05/DSC_5944.jpg"
"1692","2016/05/DSC_5948.jpg"
"1695","2016/05/more-experience.png"
"1697","2016/05/more-experience2.png"
"1699","2016/05/loacalcoverweb2.png"
"1700","2016/05/loacalcoverweb3.png"
"1710","2016/05/kitesurfing-8.jpg"
"1720","2016/04/kitesurfing-6.jpg"
"1721","2016/04/kitesurfing-7.jpg"
"1722","2016/04/kitesurfing-8.jpg"
"1723","2016/04/kitesurfing-9.jpg"
"1734","2016/06/pedal35-1.jpg"
"1735","2016/06/pedal35-2.jpg"
"1736","2016/06/pedal35-3.jpg"
"1737","2016/06/pedal35-4.jpg"
"1738","2016/06/pedal35-5.jpg"
"1741","2016/06/pedal35-6.jpg"
"1742","2016/06/pedal35-7.jpg"
"1743","2016/06/pedal35-8.jpg"
"1744","2016/06/pedal35-9.jpg"
"1745","2016/06/pedal35-10.jpg"
"1746","2016/06/pedal35-11.jpg"
"1747","2016/06/pedal35-12.jpg"
"1748","2016/06/pedal35-13.jpg"
"1749","2016/06/pedal35-14.jpg"
"1778","2016/06/VID_27070301_225158.mp4"
"1779","2016/06/DSC07467.jpg"
"1780","2016/06/20151011_180945.jpg"
"1781","2016/06/20151008_191717.jpg"
"1782","2016/06/20150922_175958.jpg"
"1783","2016/06/20151008_174858-Copy.jpg"
"1784","2016/06/20151109_180938.jpg"
"1785","2016/06/20151119_100844.jpg"
"1786","2016/06/20151103_110204.jpg"
"1787","2016/06/20160421_194944.jpg"
"1788","2016/06/DSC08051.jpg"
"1789","2016/06/DSC07456.jpg"
"1791","2016/06/zivania.jpg"
"1793","2016/06/zeytin-5990-logo.jpg"
"1800","2016/06/event-10june.jpg"
"1814","2016/06/zeytin-5990-logo-1.jpg"
"1816","2016/06/zeytin-5990-logo-2.jpg"
"1818","2016/06/zeytin-4.jpg"
"1827","2016/06/zipline1.jpg"
"1841","2016/06/more-experience_mobile3.png"
"1842","2016/06/loacalcoverweb4.png"
"1844","2016/06/adamcik1a.png"
"1845","2016/06/adamcik2a.png"
"1846","2016/06/loacalcoverweb5.png"
"1859","2016/06/izmir-photo1.jpg"
"1860","2016/06/izmir-photo3e.jpg"
"1861","2016/06/izmir-photo2.jpg"
"1863","2016/06/fethiye-photo1.jpg"
"1864","2016/06/fethiye-photo2.jpg"
"1865","2016/06/fethiye-photo3.jpg"
"1866","2016/06/fethiye-photo4.jpg"
"1867","2016/06/fethiye-photo5.jpg"
"1869","2016/06/yogaizmir-logo.jpg"
"1870","2016/06/yogaizmir2.jpg"
"1871","2016/06/yogaizmir3.jpg"
"1872","2016/06/yogaizmir4.jpg"
"1873","2016/06/yogaizmir5.jpg"
"1874","2016/06/yogaizmir.jpg"
"1877","2016/06/Ahmed-Adnan-Saygun-Sanat-Merkezi-2.jpg"
"1878","2016/06/funda.jpg"
"1879","2016/06/Adnan4_900x600.jpg"
"1899","2016/06/rock-climbing.jpg"
"1901","2016/06/zipping2.jpg"
"1905","2016/06/rock-climbing3.jpg"
"1906","2016/06/zipline3.jpg"
"1908","2016/06/Sea-via-Ferrata.jpg"
"1909","2016/06/Sea-via-Ferrata1.jpg"
"1911","2016/06/Waterfall-via-Ferrata.jpg"
"1912","2016/06/Waterfall-via-Ferrata2.jpg"
"1916","2016/06/high-ropes.jpg"
"1917","2016/06/high-ropes2.jpg"
"1918","2016/06/Other-Water-Sports.png"
"1937","2016/06/loacalcoverweb6.png"
"1939","2016/06/loacalcoverweb7.png"
"1940","2016/06/loacalcoverweb8.png"
"1954","2016/06/8535248620_738729e76b_o.jpg"
"1977","2016/06/how_it_works.png"
"1979","2016/06/Cyp-e1469715306140.png"
"2014","2016/06/webbackground.jpg"
"2016","2016/06/hompeage-e1474232646786.jpg"
"2017","2016/06/mobilebackground.jpg"
"2044","2016/07/breath1.jpg"
"2045","2016/07/breath2.jpg"
"2046","2016/07/breath3.jpg"
"2047","2016/07/breath4.jpg"
"2048","2016/07/breath5.jpg"
"2049","2016/07/breath6.jpg"
"2050","2016/07/breath7.jpg"
"2051","2016/07/breath8.jpg"
"2052","2016/07/breath9.jpg"
"2057","2016/06/Arabahmet-Mosque.jpg"
"2058","2016/06/Buyuk-Han.jpg"
"2059","2016/06/hamam.jpg"
"2060","2016/06/hamam-omerye.jpg"
"2061","2016/06/nicosia-streest.jpg"
"2062","2016/06/sarayonu-mosque-in-nicosia-cyprus-02.jpg"
"2063","2016/06/selimiye.jpg"
"2064","2016/07/aysel-mert.jpg"
"2065","2016/07/batik-gemi.jpg"
"2066","2016/07/Bellapais-Manastiri.jpg"
"2067","2016/07/buffavento-kalesi.jpg"
"2068","2016/07/kibris_bellapais_manastiri.jpg"
"2069","2016/07/kyrenia-castle-night.jpg"
"2070","2016/07/kyrenia-harbour.jpg"
"2071","2016/07/kyrenia-harbour2.jpg"
"2072","2016/07/kyrenia-kastle.jpg"
"2073","2016/07/st-hilarion.jpg"
"2074","2016/07/st-hilarion2.jpg"
"2075","2016/07/St.-Hilarion-Castle-1.jpg"
"2076","2016/06/casablanca-bar-girne01.jpg"
"2077","2016/06/ego-bar-entrance.jpg"
"2078","2016/06/kyrenia-night.jpg"
"2079","2016/06/raki-festival-north-cyprus-kyrenia-harbour.png"
"2080","2016/06/araf-pub.jpg"
"2081","2016/06/bulent-ortacgil-in-cyp.jpg"
"2082","2016/06/hoi-polloi.jpg"
"2089","2016/05/halil-ev.jpg"
"2090","2016/05/halil-ev-2.jpg"
"2091","2016/05/halil-ev-3.jpg"
"2094","2016/07/2016-06-16-14.37.33.jpg"
"2095","2016/07/2016-06-16-14.37.51.jpg"
"2096","2016/07/2016-06-16-14.38.00.jpg"
"2097","2016/07/11892229_10155921056825654_8273364323208222665_n-1.jpg"
"2098","2016/07/11947663_10155921069440654_2528266569047840646_n.jpg"
"2099","2016/07/ajwa-frozen-molokhia-680x220.jpg"
"2100","2016/07/molokhia.jpg"
"2102","2016/07/Untitled.png"
"2105","2016/07/images.jpg"
"2119","2016/07/73434497.jpg"
"2120","2016/07/73434499.jpg"
"2121","2016/07/73434505.jpg"
"2122","2016/07/73434507.jpg"
"2123","2016/07/73434511.jpg"
"2124","2016/07/73434514.jpg"
"2125","2016/07/73434520.jpg"
"2126","2016/07/73434523.jpg"
"2127","2016/07/73434532.jpg"
"2128","2016/07/73434539.jpg"
"2129","2016/07/73434545.jpg"
"2130","2016/07/73434549.jpg"
"2131","2016/07/73434552.jpg"
"2132","2016/07/73434556.jpg"
"2133","2016/07/73434559.jpg"
"2134","2016/07/73434565.jpg"
"2135","2016/07/73434569.jpg"
"2136","2016/07/73434575.jpg"
"2137","2016/07/73434578.jpg"
"2138","2016/07/73434582.jpg"
"2139","2016/07/73434585.jpg"
"2140","2016/07/73434587.jpg"
"2141","2016/07/73472370.jpg"
"2142","2016/07/73706142.jpg"
"2143","2016/07/73726149.jpg"
"2144","2016/07/74021978.jpg"
"2145","2016/07/74025300.jpg"
"2146","2016/07/74027055.jpg"
"2147","2016/07/74030375.jpg"
"2148","2016/07/74031204.jpg"
"2149","2016/07/74068879.jpg"
"2164","2016/07/yoga1.jpg"
"2165","2016/07/yoga2.jpg"
"2166","2016/07/yoga3.jpg"
"2167","2016/07/yoga4.jpg"
"2168","2016/07/yoga5.jpg"
"2170","2016/07/logo.jpg"
"2173","2016/07/yemek1.jpg"
"2174","2016/07/yemek2.jpg"
"2176","2016/07/firin.jpg"
"2178","2016/06/casablanca-bar-girne01-600x600-1.jpg"
"2180","2016/07/event1.jpg"
"2181","2016/07/event2.jpg"
"2197","2016/07/foto1.jpg"
"2198","2016/07/event3.jpg"
"2202","2016/07/NH.jpg"
"2212","2016/07/logo-1.jpg"
"2213","2016/07/Deniz-Aker-harp-terapi.jpg"
"2214","2016/07/logomsu.jpg"
"2219","2016/07/PICT0030.jpg"
"2221","2016/07/DSC_0416.jpg"
"2224","2016/07/PICT0041.jpg"
"2230","2016/07/PICT0027.jpg"
"2231","2016/07/PICT0042.jpg"
"2232","2016/07/PICT0047.jpg"
"2233","2016/07/PICT0052.jpg"
"2251","2016/07/aglorea-logo-Copy.jpg"
"2252","2016/07/aglorea-logo23-Copy.jpg"
"2259","2016/07/12240405_10153724687339814_8581618183138081263_o.jpg"
"2264","2016/07/son-kalavaç-2016.mp4"
"2266","2016/07/13711689_10154237114026287_1303885167_o.jpg"
"2267","2016/07/13718113_10154237113951287_1773382620_o-1.jpg"
"2268","2016/07/13718113_10154237113951287_1773382620_o.jpg"
"2269","2016/07/13720451_10154237114051287_1407703589_o.jpg"
"2270","2016/07/13728286_10154237114046287_296503794_o.jpg"
"2284","2016/07/logo-2.jpg"
"2287","2016/07/village0.jpg"
"2288","2016/07/village01.jpg"
"2289","2016/07/village1.jpg"
"2290","2016/07/village02.jpg"
"2291","2016/07/village2.jpg"
"2292","2016/07/village3.jpg"
"2293","2016/07/village4.jpg"
"2294","2016/07/village5.jpg"
"2295","2016/07/village6.jpg"
"2296","2016/07/village7.jpg"
"2297","2016/07/village8.jpg"
"2298","2016/07/village9.jpg"
"2299","2016/07/village10.jpg"
"2300","2016/07/village11.jpg"
"2301","2016/07/village12.jpg"
"2302","2016/07/village13.jpg"
"2303","2016/07/village14.jpg"
"2304","2016/07/village16.jpg"
"2305","2016/07/village17.jpg"
"2306","2016/07/village18.jpg"
"2307","2016/07/village19.jpg"
"2308","2016/07/village20.jpg"
"2309","2016/07/village21.jpg"
"2310","2016/07/village22.jpg"
"2311","2016/07/village23.jpg"
"2312","2016/07/village24.jpg"
"2313","2016/07/village24-1.jpg"
"2314","2016/07/village25.jpg"
"2315","2016/07/village26.jpg"
"2322","2016/06/Cehennem-Canyon2.jpg"
"2323","2016/06/Cehennem-Canyon.jpg"
"2324","2016/06/zipline4.jpg"
"2325","2016/06/zipline5.jpg"
"2326","2016/06/Bebe-canyon.jpg"
"2327","2016/06/kelebekvadisi04.jpg"
"2330","2016/07/Kacak-Canyon.jpg"
"2331","2016/07/kacak-canyon2.png"
"2332","2016/07/uc-silahsorler-canyon.jpg"
"2333","2016/06/cehennem.jpg"
"2334","2016/06/cehennem2.jpg"
"2335","2016/06/cehennem3.jpg"
"2341","2016/07/logo.png"
"2344","2016/07/kalavac-muhtari-omer-merakli.jpg"
"2356","2016/07/michael.jpg"
"2363","2016/07/IMG_8236.jpg"
"2366","2016/07/laura.jpg"
"2367","2016/07/kate.jpg"
"2381","2016/07/horse-riding.jpg"
"2383","2016/07/strawberry.jpg"
"2389","2016/07/fishing2.jpg"
"2392","2016/07/village.jpg"
"2397","2016/07/nature-walk.jpg"
"2403","2016/07/logo-3.jpg"
"2407","2016/07/david-spencer.jpg"
"2417","2016/07/vahit-kuran.jpg"
"2419","2016/07/celine.jpg"
"2426","2016/07/kate-1.jpg"
"2429","2016/07/ian.jpg"
"2430","2016/07/1.jpg"
"2432","2016/07/eylul.jpg"
"2465","2016/07/alev-kayasi-2.jpg"
"2466","2016/07/alev-kayasi-3.jpg"
"2467","2016/07/alev-kayasi-4.jpg"
"2468","2016/07/alev-kayasi-5.jpg"
"2469","2016/07/alev-kayasi.jpg"
"2470","2016/07/alev-kayasi6.jpg"
"2471","2016/07/hqdefault.jpg"
"2472","2016/07/at-2.jpg"
"2473","2016/07/at-3.jpg"
"2474","2016/07/at-cizim-e1469639689340.jpg"
"2475","2016/07/ceramic-2-e1469639724626.jpg"
"2476","2016/07/suriye-isi.jpg"
"2477","2016/07/kabak-genel.jpg"
"2478","2016/07/ceramic.jpg"
"2479","2016/07/kabak-guzel.jpg"
"2480","2016/07/suryani-isleri.jpg"
"2481","2016/07/esek-cizim.jpg"
"2482","2016/07/kabak-isi.jpg"
"2483","2016/07/suryani.jpg"
"2484","2016/07/kabak-isikli.jpg"
"2485","2016/07/folyo-isi.jpg"
"2486","2016/07/kabak-isleme.jpg"
"2487","2016/07/genel.jpg"
"2488","2016/07/kabak.jpg"
"2489","2016/07/lefkara-taki.jpg"
"2490","2016/07/takilar.jpg"
"2491","2016/07/takilar2.jpg"
"2492","2016/07/koza-ayakkabi.jpg"
"2493","2016/07/koza-bardak-altligi.jpg"
"2494","2016/07/koza-bardak-altliklari.jpg"
"2495","2016/07/koza-baykus.jpg"
"2496","2016/07/koza-isi.jpg"
"2497","2016/07/koza-kupe.jpg"
"2498","2016/07/koza-kuslar.jpg"
"2499","2016/07/koza-super.jpg"
"2500","2016/07/koza-sus.jpg"
"2501","2016/07/koza-tavuskusu.jpg"
"2502","2016/07/koza-tepsi-hazir.jpg"
"2503","2016/07/koza-tepsi.jpg"
"2504","2016/07/koza-watch.jpg"
"2505","2016/07/koza.jpg"
"2528","2016/07/flight-plus-hotel.jpg"
"2530","2016/07/rent-a-car.jpg"
"2531","2016/07/taxi.jpg"
"2533","2016/07/bus.jpg"
"2534","2016/07/bisiklet.jpg"
"2553","2016/06/shop-sale2.png"
"2561","2016/06/shop-sale3.png"
"2575","2016/06/shop-sale4.png"
"2582","2016/08/foto3.jpg"
"2584","2016/07/DSC_1706.jpg"
"2585","2016/07/DSC_1726.jpg"
"2586","2016/07/DSC_1735-e1470057359875.jpg"
"2587","2016/07/DSC_1742-e1470057347509.jpg"
"2588","2016/07/DSC_1764.jpg"
"2589","2016/07/DSC_1766.jpg"
"2590","2016/07/DSC_4043.jpg"
"2592","2016/07/1-1.jpg"
"2593","2016/07/DSC_0798.jpg"
"2594","2016/07/DSC_0985And2more.jpg"
"2595","2016/07/DSC_2846.jpg"
"2596","2016/07/DSC_4630.jpg"
"2597","2016/07/DSC_7101-KopyaAnd2more.jpg"
"2598","2016/07/DSC_7565_6_7_8_9.jpg"
"2599","2016/07/DSC_6027.jpg"
"2601","2016/07/mamas.jpg"
"2602","2016/08/12705485_10153863780992380_4151440842940472500_n.jpg"
"2633","2016/06/shop-sale5c.png"
"2637","2016/08/chole.jpg"
"2640","2016/08/foto2.png"
"2645","2016/08/PSX_20160508_163807.jpg"
"2646","2016/08/PSX_20160506_094756.jpg"
"2647","2016/08/PSX_20160504_195233.jpg"
"2648","2016/08/DSC_0281t.jpg"
"2649","2016/08/DSC_0296t.jpg"
"2659","2016/08/foto4.jpg"
"2660","2016/08/twogirls.jpg"
"2665","2016/08/1077597_1130526500326025_2891658028972769527_o.jpg"
"2666","2016/08/1534753_1130527293659279_3197909077856778282_o.jpg"
"2667","2016/08/1898556_1130526503659358_739368885776778176_o.jpg"
"2668","2016/08/1912138_1130526326992709_3761411929660283631_o.jpg"
"2669","2016/08/1927908_1170853146293360_2963318257807006638_n.jpg"
"2670","2016/08/10271198_1130527483659260_8711350053442754494_o.jpg"
"2671","2016/08/10502169_1020950714616938_2958974083780099297_n.jpg"
"2672","2016/08/12079535_1103250503053625_25558665811205858_n.jpg"
"2673","2016/08/12088241_1103251843053491_411788902322790562_n-e1472732885573.jpg"
"2674","2016/08/12370805_1130526516992690_9087523904252246855_o.jpg"
"2675","2016/08/12371033_1130527330325942_6106234970667186855_o.jpg"
"2676","2016/08/12371136_1130526683659340_1520682249683814665_o.jpg"
"2677","2016/08/12371185_1130526620326013_7453891993589017783_o.jpg"
"2678","2016/08/12374961_1130526400326035_3177796298933962366_o.jpg"
"2679","2016/08/12375101_1130526433659365_3870171417075558715_o.jpg"
"2680","2016/08/12377742_1130526430326032_5715186878294188798_o.jpg"
"2681","2016/08/12391947_1130530143658994_7729102883715717021_n-e1472732976884.jpg"
"2682","2016/08/12987086_10153437877250718_213626131377586283_n.jpg"
"2693","2016/08/13047828_996241683774403_2955354291798037038_o-1.jpg"
"2694","2016/08/13063405_1000566426675262_558975323944929457_o.jpg"
"2695","2016/08/13124776_1003962793002292_8213303795351816931_n-1.jpg"
"2696","2016/08/13268487_1018126554919249_7312007373422408362_o.jpg"
"2697","2016/08/13600124_1037771666288071_8762920834673610435_n.jpg"
"2698","2016/08/13613212_1042287315836506_1671070806089681613_o.jpg"
"2701","2016/08/486062_449555041776406_1029983269_n.jpg"
"2702","2016/08/322095_245031038895475_936105792_o.jpg"
"2745","2016/06/click-here-for-more-experiences.png"
"2763","2016/09/hills.jpg"
"2764","2016/09/hills2.jpg"
"2765","2016/09/logo.jpg"
"2766","2016/09/hills3.jpg"
"2767","2016/09/hills4.jpg"
"2768","2016/09/hills5.jpg"
"2769","2016/09/hills6.jpg"
"2770","2016/09/hills7.jpg"
"2777","2016/09/DSC_0271.jpg"
"2778","2016/09/DSC_0284.jpg"
"2779","2016/09/in-kalavac3.jpg"
"2780","2016/09/DSC_0274.jpg"
"2788","2016/09/green-logookul-e1473148438839.jpg"
"2790","2016/09/12366410_1019690868086928_5602598947532118876_n.jpg"
"2791","2016/09/14051637_1183706228352057_1021627308448135099_n.jpg"
"2792","2016/09/14089022_1183706141685399_5561885416483860978_n.jpg"
"2793","2016/09/14089262_1183706291685384_3744429573402621748_n.jpg"
"2794","2016/09/IMG-20160905-WA0000.jpg"
"2795","2016/09/IMG-20160905-WA0005.jpg"
"2796","2016/09/IMG-20160905-WA0007.jpg"
"2797","2016/09/IMG-20160905-WA0014.jpg"
"2798","2016/09/IMG-20160905-WA0016.jpg"
"2827","2016/09/logo.png"
"2828","2016/03/dokuma13b.jpg"
"2829","2016/03/image001.jpg"
"2830","2016/03/workshop-3.jpg"
"2831","2016/03/Bag.jpg"
"2832","2016/03/dokuma1b.jpg"
"2833","2016/03/dokuma16b.jpg"
"2834","2016/03/Hand-woven-Napkin-Style-Curtain.jpg"
"2835","2016/03/Pillow-Cover.jpg"
"2853","2016/09/cyprus9.3.-202.jpg"
"2854","2016/09/cyprus9.3.-155.jpg"
"2855","2016/09/cyprus9.3.-156.jpg"
"2856","2016/09/cyprus9.3.-160.jpg"
"2857","2016/09/cyprus9.3.-167.jpg"
"2858","2016/09/IMG_20150326_115023.jpg"
"2859","2016/09/esentepe-craft-club-5.jpg"
"2860","2016/09/IMG_20160413_103513.jpg"
"2861","2016/09/Wood-Carving-at-the-Bandabuliya-June-2013-UNDP.jpg"
"2864","2016/09/cyprus.marchhh-065.jpg"
"2865","2016/09/cyprus9.3.-211.jpg"
"2866","2016/09/cyprus23.2.-172.jpg"
"2867","2016/09/cyprus23.2.-318.jpg"
"2868","2016/09/cyprus23.2.-321.jpg"
"2869","2016/09/DSCN3586.jpg"
"2870","2016/09/DSCN3702.jpg"
"2871","2016/09/IMG_20141113_093247.jpg"
"2872","2016/09/IMG_20151016_114434.jpg"
"2873","2016/09/IMG_20160425_095311.jpg"
"2875","2016/09/2.jpg"
"2876","2016/09/cyprus9.3.-127.jpg"
"2877","2016/09/cyprus9.3.-130.jpg"
"2878","2016/09/cyprus9.3.-131.jpg"
"2879","2016/09/DSCN3701.jpg"
"2881","2016/09/esentepe-craft-club-6.jpg"
"2882","2016/09/esentepe-craft-club.jpg"
"2884","2016/09/cyprus.march16-120.jpg"
"2885","2016/09/cyprus.march16-122.jpg"
"2886","2016/09/cyprus.march16-133.jpg"
"2889","2016/09/113A5513_1024x683-500x500.jpg"
"2947","2016/06/click-here-blue.png"
"2984","2016/05/IMG_8561.jpg"
"2994","2016/09/IMG_4023_4Profile1.jpg"
"2997","2016/09/30416_397412192379_6163541_n.jpg"
"2998","2016/09/47265_436883822379_6019898_n.jpg"
"2999","2016/09/59517_436884272379_6170536_n.jpg"
"3000","2016/09/1935627_105206552379_6718206_n.jpg"
"3001","2016/09/DSC_5715.jpg"
"3002","2016/09/DSC_8194.jpg"
"3004","2016/09/cover.jpg"
"3006","2016/09/a6.jpg"
"3007","2016/09/a8.jpg"
"3008","2016/09/a16.jpg"
"3010","2016/09/a18.jpg"
"3011","2016/09/avatar_medium_square.jpg"
"3012","2016/09/b5-1.jpg"
"3013","2016/09/c0.jpg"
"3014","2016/09/c6.jpg"
"3016","2016/09/d5.jpg"
"3018","2016/09/g-3.jpg"
"3019","2016/09/g-11.jpg"
"3023","2016/09/i3.jpg"
"3024","2016/09/justice.jpg"
"3026","2016/09/siesta.jpg"
"3028","2016/09/The-Supervisor.jpg"
"3029","2016/09/virgin.jpg"
"3030","2016/09/Sevcan-Çerkez-16dort16.mp4"
"3036","2016/09/DSC_122054d2s-3.jpg"
"3049","2016/09/surf1-e1474991774825.jpg"
"3050","2016/09/surf2-e1474991808279.jpg"
"3051","2016/09/IMG_8066.jpg"
"3052","2016/09/IMG_8067.jpg"
"3053","2016/09/IMG_8072.jpg"
"3054","2016/09/IMG_8078.jpg"
"3055","2016/09/IMG_8083.jpg"
"3056","2016/09/IMG_8096.jpg"
"3057","2016/09/IMG_8100.jpg"
"3058","2016/09/IMG_8104.jpg"
"3059","2016/09/IMG_8106.jpg"
"3060","2016/09/IMG_8109.jpg"
"3061","2016/09/IMG_8111.jpg"
"3062","2016/09/IMG_8117.jpg"
"3063","2016/09/IMG_8123.jpg"
"3064","2016/09/IMG_8124.jpg"
"3065","2016/09/IMG_8125.jpg"
"3066","2016/09/IMG_8130.jpg"
"3067","2016/09/IMG_8139.jpg"
"3068","2016/09/IMG_8143.jpg"
"3069","2016/09/IMG_8144.jpg"
"3070","2016/09/IMG_8150.jpg"
"3071","2016/09/IMG_8167.jpg"
"3074","2016/09/surf3.jpg"
"3075","2016/09/surf4.jpg"
"3076","2016/09/surf5.jpg"
"3077","2016/09/surf6.jpg"
"3078","2016/09/surf7.jpg"
"3079","2016/09/surf8.jpg"
"3085","2016/09/kitehousecyprus.jpg"
"3088","2016/09/1-016.jpg"
"3089","2016/09/1.jpg"
"3090","2016/09/2-1.jpg"
"3091","2016/09/3.jpg"
"3092","2016/09/4.jpg"
"3093","2016/09/6.jpg"
"3094","2016/09/7.jpg"
"3095","2016/09/12.jpg"
"3097","2016/09/13.jpg"
"3101","2016/09/free-dive-logo-limassol.jpg"
"3106","2016/09/slackline.jpg"
"3107","2016/09/slackline2.jpg"
"3118","2016/06/click-here-blue2.jpg"
"3123","2016/10/SlackLine.png"
"3149","2016/10/madalyonsonbeyaz-2-e1476187651971.png"
"3151","2016/04/pilates-e1476188858231.jpg"
"3153","2016/04/ST-001.jpg"
"3154","2016/04/ST-002.jpg"
"3155","2016/04/ST-003-e1476189147911.jpg"
"3156","2016/04/ST-005.jpg"
"3157","2016/04/ST-233.jpg"
"3158","2016/04/ST-236.jpg"
"3203","2016/10/logo-e1476526855456.jpg"
"3210","2016/10/yoga1.jpg"
"3211","2016/10/yoga2.jpg"
"3212","2016/10/yoga3.jpg"
"3214","2016/10/sabun2.jpg"
"3215","2016/10/soap1.jpg"
"3216","2016/10/soap2.jpg"
"3217","2016/10/soap3.jpg"
"3218","2016/10/soap4.jpg"
"3220","2016/10/soap5.jpg"
"3221","2016/10/Bicy-logo.jpg"
"3225","2016/10/Eliz-sabunları-logo.png"
"3226","2016/10/Eliz-Sabunları-Eliz-Soaps-Natural-Hand-made-olive-oil-soap.mp4"
"3265","2016/10/acikdeniz-logo-e1476880521853.png"
"3268","2016/10/first-fish.jpg"
"3269","2016/10/sail.jpg"
"3270","2016/10/sail1.jpg"
"3271","2016/10/sail2.jpg"
"3272","2016/10/sail3.jpg"
"3273","2016/10/sail4.jpg"
"3274","2016/10/sail5.jpg"
"3275","2016/10/sail6.jpg"
"3276","2016/10/sail7.jpg"
"3277","2016/10/touring.jpg"
"3278","2016/10/Aloa-27-ideal-for-4-person.jpg"
"3279","2016/10/Aloa-27-pic2.jpg"
"3280","2016/10/Bavaria-44-Cruiser-world-classic.jpg"
"3281","2016/10/Beneteau-Cyclades-43.jpg"
"3282","2016/10/Beneteau-Oceanis-343.jpg"
"3283","2016/10/Beneteau-Oceanis-423-French-classic.jpg"
"3302","2016/10/129_scuba_diving_antalya.jpg"
"3303","2016/10/423_scuba-diving-antalya.jpg"
"3304","2016/10/499_scuba-diving.jpg"
"3305","2016/10/584_Scuba_Diving_kemer.jpg"
"3307","2016/10/tour-turkey.jpg"
"3311","2016/10/amphora-dive-1.jpg"
"3312","2016/10/amphora-dive-2.jpg"
"3313","2016/10/amphora-dive-3.jpg"
"3314","2016/10/amphora-dive-4.jpg"
"3315","2016/10/amphora-dive-5.jpg"
"3316","2016/10/amphora-dive-6.jpg"
"3318","2016/10/amphora-dive.jpg"
"3319","2016/10/boat.jpg"
"3320","2016/10/crab.jpg"
"3321","2016/10/dive.jpg"
"3322","2016/10/diving-like-a-boss.jpg"
"3323","2016/10/evrimbenzetse.jpg"
"3324","2016/10/evrimbenzetsel.jpg"
"3325","2016/10/fish-amphora.jpg"
"3326","2016/10/fishes.jpg"
"3327","2016/10/fishes2.jpg"
"3328","2016/10/fishes3.jpg"
"3329","2016/10/fishes4.jpg"
"3330","2016/10/fishes5.jpg"
"3331","2016/10/hasan-yokes-amphora.jpg"
"3332","2016/10/sg104.jpg"
"3333","2016/10/trigger-fish.jpg"
"3334","2016/10/turtle.jpg"
"3335","2016/10/tutle-by-amphora.jpg"
"3340","2016/10/amphora-logo1.jpg"
"3346","2016/10/IMG_4022-1.jpg"
"3347","2016/10/IMG_4170.jpg"
"3391","2016/10/bac-e1477497944207.jpg"
"3395","2016/10/cab-logo.jpg"
"3396","2016/10/cycle1.jpg"
"3397","2016/10/cycle2.jpg"
"3398","2016/10/cycle3.jpg"
"3399","2016/10/cycle4.jpg"
"3400","2016/10/cycle5.jpg"
"3401","2016/10/cycle6-e1477657226827.jpg"
"3402","2016/10/cycle7.jpg"
"3403","2016/10/cycle8.jpg"
"3404","2016/10/cycle9.jpg"
"3405","2016/10/cycle10.jpg"
"3406","2016/10/cycle11.jpg"
"3407","2016/10/cycle12.jpg"
"3409","2016/06/new_year_beach.png"
"3437","2016/10/kleftiko.jpg"
"3441","2016/10/workshop.jpg"
"3443","2016/10/seramik.jpg"
"3451","2016/10/spritual-yoga.jpg"
"3462","2016/09/dolma-e1477740055370.jpg"
"3463","2016/09/gk.jpg"
"3464","2016/09/gleftigo-e1477739647674.jpg"
"3466","2016/10/bandabulya-e1477744091158.jpg"
"3472","2016/10/71_pamukkale-antique_pool.jpg"
"3473","2016/10/285_pamukkale-tour-antalya.jpg"
"3474","2016/10/391_pamukkale-traverten_2.jpg"
"3475","2016/10/505_Theatre_in_Hierapolis.jpg"
"3476","2016/10/555_Hierapolis_colonnade.jpg"
"3482","2016/10/30_kekova_3.jpg"
"3483","2016/10/49_kekova_4.jpg"
"3484","2016/10/763_demre_myra_kekova_antalya.jpg"
"3485","2016/10/664_kekova_5.jpg"
"3486","2016/10/myra-ruins-photo_16983119-fit468x296.jpg"
"3487","2016/10/sunken-roman-bath-in-kekova-photo_15429648-770tall.jpg"
"3490","2016/10/sunken-city-kekova-demre-and-myra-day-tour-from-side-in-side-204985.jpg"
"3493","2016/06/click-here-blue.jpg"
"3505","2016/10/164920demre-kekova-alanya.jpeg"
"3506","2016/10/164920myrachurch.jpeg"
"3507","2016/10/200057alanyakekovademremyra-touramphitheater.jpeg"
"3508","2016/10/220846Kekova-094-.jpeg"
"3509","2016/10/220846Myra1B.jpeg"
"3510","2016/10/220846Myra2B.jpeg"
"3511","2016/10/220847saint-nicholas-of-myra-04.jpeg"
"3515","2016/10/tour.jpeg"
"3516","2016/10/tour1.jpeg"
"3517","2016/10/tour2.jpeg"
"3518","2016/10/tour3.jpeg"
"3519","2016/10/tour4.jpeg"
"3532","2016/10/014222Pamukkale_002.jpeg"
"3534","2016/10/220507pamukkale-1-day-tour.jpeg"
"3535","2016/10/220507pamukkaleturualanyadan.jpeg"
"3536","2016/10/220507redwaterpamukkale.jpeg"
"3537","2016/10/220508alanya-pamukkale-tour-hierapolis.jpeg"
"3538","2016/10/220508pamukkale_hierapolis_tours.jpeg"
"3539","2016/10/221027Pamukkale_tour_-alanya.jpeg"
"3540","2016/10/221259alanyapamukkale2daystours.jpeg"
"3541","2016/10/221700pamukkale2daystourpackagefromalanya.jpeg"
"3542","2016/10/221700pamukkaleruins.jpeg"
"3543","2016/10/222200ephesus-tours-1.jpeg"
"3544","2016/10/222200pamukkale.jpeg"
"3545","2016/10/222200pamukkale_5.jpeg"
"3546","2016/10/222200Pamukkale_25.jpeg"
"3547","2016/10/222200pamukkale1.jpeg"
"3548","2016/10/222200pamukkale4.jpeg"
"3549","2016/10/2222004534.jpeg"
"3550","2016/10/22120010171087_851860278163129_5735543783797094733_n.jpeg"
"3551","2016/10/22120010172838_851860424829781_6788600558291304123_n.jpeg"
"3556","2016/10/143711alanyadalıştur.jpeg"
"3557","2016/10/143711alanyadalışturları.jpeg"
"3558","2016/10/143711alanyadivingtour.jpeg"
"3559","2016/10/143711alanyascubadivingtour.jpeg"
"3560","2016/10/144410alanyadandalışturları.jpeg"
"3561","2016/10/144411alanyadivingtours-2.jpeg"
"3562","2016/10/160742scubaalanyadiving.jpeg"
"3563","2016/10/160743alanyadiving.jpeg"
"3564","2016/10/160743divingalanyascuba.jpeg"
"3565","2016/10/160743divingundermarinecreature.jpeg"
"3566","2016/10/160744alanyadalışturu-5.jpeg"
"3567","2016/10/160958alanyadivingtour.jpeg"
"3568","2016/10/160958alanyadivingtour7.jpeg"
"3569","2016/10/203347alanya-dalış-turu.jpeg"
"3570","2016/10/203347alanya-diving-tour.jpeg"
"3571","2016/10/203347alanya-scuba-dive.jpeg"
"3572","2016/10/203347diving.jpeg"
"3605","2016/11/52_Turkish-bath-alanya_2.jpg"
"3606","2016/11/80_Turkish-bath-alanya_5.jpg"
"3607","2016/11/511_alanya_turkish_bath.jpg"
"3608","2016/11/664_Turkish-bath-alanya_6.jpg"
"3609","2016/11/141315hamam1.jpeg"
"3610","2016/11/141315hamam-1_750.jpeg"
"3611","2016/11/141315Hamam3.jpeg"
"3612","2016/11/141315hamamda-2.jpeg"
"3613","2016/11/171704alanyaturkishbathtour.jpeg"
"3614","2016/11/183740hamam-alanya.jpeg"
"3615","2016/11/234307alanyaturkishbathpeeling.jpeg"
"3616","2016/11/224632945918_118041181699684_1272812034_n.jpeg"
"3617","2016/11/224633375038_115330181970784_587604274_n.jpeg"
"3618","2016/11/224633971759_118040675033068_612754394_n.jpeg"
"3619","2016/11/1837411011902_118041325033003_418395846_n.jpeg"
"3620","2016/11/2246331009741_118754054961730_332764140_n.jpeg"
"3621","2016/11/2246341003340_120200164817119_2026836671_n.jpeg"
"3622","2016/11/2246351000413_118041305033005_1616893006_n.jpeg"
"3626","2016/11/CBA-1.jpg"
"3627","2016/11/CBA-2-e1478093000915.jpg"
"3628","2016/11/CBA-3.jpg"
"3629","2016/11/CBA-4.jpg"
"3630","2016/11/CBA-5.jpg"
"3631","2016/11/CBA-6.jpg"
"3632","2016/11/CBA-course.jpg"
"3633","2016/11/CBA-course1.jpg"
"3634","2016/11/CBA-course2.jpg"
"3635","2016/11/CBA-course3.jpg"
"3636","2016/11/CBA-course4.jpg"
"3637","2016/11/CBA-course5.jpg"
"3638","2016/11/CBA-course6.jpg"
"3639","2016/11/CBA-course7.jpg"
"3640","2016/11/CBA-oven-inside.jpg"
"3641","2016/11/CBA-oven.jpg"
"3642","2016/11/expert.jpg"
"3643","2016/11/museum.jpg"
"3644","2016/11/museum2.jpg"
"3645","2016/11/museum3.jpg"
"3646","2016/11/works.jpg"
"3647","2016/11/works2.jpg"
"3648","2016/11/works3.jpg"
"3649","2016/11/replicas.jpg"
"3650","2016/11/4862279.jpg"
"3651","2016/11/anadolu-atesi.jpg"
"3652","2016/11/anadolu-atesi2.jpg"
"3653","2016/11/anadolu-atesi3.jpg"
"3654","2016/11/anadolu-atesi-1.jpg"
"3655","2016/11/anadolu-atesi2-1.jpg"
"3656","2016/11/anadolu-atesi-540x360.jpg"
"3657","2016/11/etkinlik_anadolu_atesi.jpg"
"3658","2016/11/FireOfAnatolia22.jpg"
"3659","2016/11/FireOfAnatolia23.jpg"
"3660","2016/11/FireOfAnatolia24.jpg"
"3661","2016/11/FireOfAnatolia25.jpg"
"3662","2016/11/FireOfAnatolia26.jpg"
"3676","2016/06/cyp-cuisine.png"
"3681","2016/11/2016-11-03.png"
"3685","2016/11/turkish-bath-hamam-experience-in-kemer-in-kemer-196422.jpg"
"3752","2016/11/14924080_1264614976917901_1531012843_o.jpg"
"3753","2016/11/IMG_0274.jpg"
"3755","2016/11/DSC05446.jpg"
"3756","2016/11/DSC05434.jpg"
"3757","2016/11/IMG_6096.jpg"
"3758","2016/11/img_1571.jpg"
"3759","2016/11/6948_10200953232006195_244146278_n.jpg"
"3760","2016/11/Andreas-rapping1.jpg"
"3762","2016/11/11110283_10153228418100336_6135201461575128435_n.jpg"
"3874","2016/11/Bedroom-300x225.jpg"
"3875","2016/11/Cockpit-300x201.jpg"
"3876","2016/11/Main-Saloon-300x200.jpg"
"3877","2016/11/Master-Bedroom-300x225.jpg"
"3878","2016/11/Platform-300x201.jpg"
"3879","2016/11/Saloon-300x200.jpg"
"3880","2016/11/Toilet-200x300.jpg"
"3881","2016/11/Sun-Dech-300x200.jpg"
"3882","2016/11/2-Sunset-Cruise-1-300x198.jpg"
"3888","2016/11/half_day.jpg"
"3892","2016/11/photographers.jpg"
"3893","2016/11/bachelor.jpg"
"3894","2016/11/photographers-1.jpg"
"3895","2016/11/all-day.jpg"
"3904","2016/11/tuna.jpg"
"3917","2016/12/daily-green-canyon-tour-4.jpg"
"3918","2016/12/Green_Canyon_tour_at_the_Taurus_Mountains_with_Boat_tour_1.jpg"
"3919","2016/12/green-canyon.jpg"
"3920","2016/12/green-canyon1.jpg"
"3921","2016/12/green-canyon-boat-tour_1.jpg"
"3922","2016/12/owl-at-green-canyon.jpg"
"3929","2016/12/atv-tour.jpg"
"3930","2016/12/atv-tour-cappadocia.jpg"
"3931","2016/12/cappadocia-tours1.jpg"
"3932","2016/12/cappadocia-tours2.jpg"
"3933","2016/12/cappadocia-tours3.jpg"
"3972","2016/12/Buggy-Marmaris.jpg"
"3973","2016/12/Buggy-Marmaris4.jpg"
"3974","2016/12/Buggy-Marmaris5.jpg"
"3975","2016/12/Buggy.jpg"
"3976","2016/12/Buggy2.jpg"
"3981","2016/12/quad-safari.jpeg"
"3982","2016/12/quad-safari1.jpg"
"3983","2016/12/quad-safari2.jpg"
"3984","2016/12/quad-safari3.jpg"
"3985","2016/12/quad-safari4.jpg"
"3986","2016/12/quad-bike-safari-9.jpg"
"3989","2016/12/quad-bike-6.jpg"
"3990","2016/12/quad-bike-7.jpg"
"4007","2016/12/11206941_435375353315552_7280454467065261384_n.jpg"
"4008","2016/12/sunrise-300x178.jpg"
"4009","2016/12/sapadere1.jpg"
"4010","2016/12/sapadere2.jpeg"
"4011","2016/12/sapadere3.jpeg"
"4012","2016/12/sapadere4.jpg"
"4013","2016/12/sapadere5.jpg"
"4014","2016/12/sapadere6.jpg"
"4015","2016/12/sapadere8.jpg"
"4016","2016/12/sapadere9.jpg"
"4017","2016/12/sapadere-kanyonu-su-goleti.jpg"
"4027","2016/12/jeep-safari2.jpg"
"4061","2016/12/10426730_421487268037694_8849652432373435757_n.jpg"
"4067","2016/12/avanos-pottery.jpg"
"4068","2016/12/Avanos.jpg"
"4069","2016/12/avanos-testi.jpeg"
"4070","2016/12/cappadocia-turkey.jpg"
"4071","2016/12/devrent-valley-snow.jpg"
"4073","2016/12/devrent-valley.jpeg"
"4074","2016/12/devrent2.jpg"
"4075","2016/12/devrent-valley.jpg"
"4076","2016/12/devrent-valley2.jpg"
"4077","2016/12/goreme_open_air_museum.jpg"
"4078","2016/12/GoremeOpenAir-1.jpg"
"4079","2016/12/Open-Air-Museum-2.jpg"
"4080","2016/12/Open-Air-Museum-3.jpg"
"4081","2016/12/pasabag-valley.jpg"
"4082","2016/12/pasabag-valley-cappadocia.jpg"
"4083","2016/12/pasadag.jpg"
"4084","2016/12/Pottery-Avanos.jpg"
"4085","2016/12/Traditional-pottery-workshop.jpg"
"4086","2016/12/uchisar-cappadocia.jpg"
"4087","2016/12/uchisar-castle-and-village.jpg"
"4093","2016/12/cappadocia-hiking.jpg"
"4094","2016/12/Cappadocia-Hiking-5.jpg"
"4095","2016/12/cavusin.jpg"
"4096","2016/12/derinkuyu2.jpg"
"4097","2016/12/Kaymakli-Underground-City.jpg"
"4098","2016/12/Kaymakli-Underground-City-2.jpg"
"4099","2016/12/kaymakli-underground-city-cappadocia-1.jpg"
"4100","2016/12/ortahisar.jpg"
"4101","2016/12/ortahisar2.jpg"
"4102","2016/12/red-valley-2.jpg"
"4103","2016/12/red-valley.jpg"
"4104","2016/12/red-valley-cappadocia.jpg"
"4105","2016/12/red-valley-cappadocia-2.jpg"
"4111","2016/12/dolphin-medit.jpg"
"4112","2016/12/dolphin-medit2.jpg"
"4113","2016/12/manavgat-dolphin-island.jpg"
"4114","2016/12/manavgat-dolphin-island-tour.jpg"
"4115","2016/12/manavgat-dolphin-island-tour_2.jpg"
"4119","2016/12/IMG_1069.jpg"
"4123","2016/12/kobigem_2016_loacal.png"
"4126","2016/12/Discovery-Diving1.jpg"
"4127","2016/12/Discovery-Diving2.jpg"
"4128","2016/12/Discovery-Diving3.jpg"
"4129","2016/12/Discovery-Diving5.jpg"
"4130","2016/12/Discovery-Diving6.jpg"
"4131","2016/12/Discovery-Diving7.jpg"
"4132","2016/12/Discovery-Diving9.jpg"
"4133","2016/12/Discovery-Diving10.jpg"
"4134","2016/12/Diving-Fun.jpg"
"4135","2016/12/fish-feeding.jpg"
"4136","2016/12/fish-talks.jpg"
"4137","2016/12/Scuba-for-all.jpg"
"4138","2016/12/logo-e1481903928902.png"
"4140","2016/12/Green-Bay-Cyprus-I-Dive-Tec-Rec-Centers.mp4"
"4142","2016/12/kids_dive.jpg"
"4143","2016/12/kids_dive1.jpg"
"4144","2016/12/kids_dive2.jpg"
"4162","2016/12/JANUARY-2015-APHRODISIAS.jpg"
"4177","2016/12/skin-diving.jpg"
"4178","2016/12/snorkel.jpg"
"4179","2016/12/snorkel-1.jpg"
"4182","2016/12/How-To-Learn-Skin-Diving.mp4"
"4188","2016/12/PADI-Digital-Underwater-Photography-Specialty.mp4"
"4189","2016/12/photo-by-Pantelis-Kranos.jpg"
"4190","2016/12/underwater-photography-course.jpg"
"4191","2016/12/Photo-by-Pete-Leong.jpg"
"4192","2016/12/under-upwater.jpg"
"4193","2016/12/undewater-world.jpg"
"4195","2016/12/PADI-Learn-to-Scuba-Dive.mp4"
"4198","2016/12/PADI-Open-Water-Diver.mp4"
"4199","2016/12/padi-open-water.jpg"
"4204","2016/12/adventure-diver.jpg"
"4211","2016/12/16tuna_600x306.jpg"
"4213","2016/12/PADI-Advanced-Open-Water-Diver-Course.mp4"
"4214","2016/12/dive-cyprus.jpg"
"4215","2016/12/dive-cyprus1.jpg"
"4216","2016/12/marine-life-cyprus.jpg"
"4217","2016/12/navigation-course.jpg"
"4218","2016/12/wreck-dive-cyprus.jpg"
"4222","2016/12/wreck-diving1.jpg"
"4223","2016/12/wreck-diving2.jpg"
"4225","2016/12/PADI-Scuba-Diving-Lessons-PADI-Wreck-Diver-Course.mp4"
"4227","2016/12/wreck-diving3.jpg"
"4228","2016/12/Zenobia.jpg"
"4230","2016/12/night-diver.jpg"
"4231","2016/12/night-diver1.jpg"
"4232","2016/12/night-diver2.jpg"
"4233","2016/12/night-diver3.jpg"
"4234","2016/12/night-diver4.jpg"
"4256","2016/12/brochure_324023.jpg"
"4258","2016/12/tuna-IO-tour.jpg"
"4259","2016/12/maldives6.jpg"
"4260","2016/12/G0050320.jpg"
"4263","2016/12/freedive1.jpg"
"4264","2016/12/G0291809.jpg"
"4302","2017/01/12936545_10153838288619279_7357030362100197273_n.jpeg"
"4304","2017/01/13247759_10153929210229279_8054058457365217889_o.jpeg"
"4305","2017/01/13000118_10153870535369279_2087994588877967652_n.jpeg"
"4306","2017/01/MG_9575f.jpg"
"4314","2017/01/jeep-safari-adventure-around-green-canyon-in-side.jpg"
"4315","2017/01/jeep-safari-tour.jpg"
"4320","2017/01/aegean-islands-hisaronu-all-inclusive-boat-trip-from-marmaris-.jpg"
"4321","2017/01/akvaryum-koyu-marmaris.jpg"
"4322","2017/01/donkey-island.jpg"
"4323","2017/01/Hisaronu.jpg"
"4324","2017/01/kameliya.jpg"
"4325","2017/01/marmaris-boat-trip.jpg"
"4326","2017/01/marmaris.jpg"
"4327","2017/01/rabbit-island-marmaris.jpg"
"4328","2017/01/rabbit-island-3.jpg"
"4334","2017/01/apollo-side.jpg"
"4335","2017/01/Manavgat-village.jpg"
"4336","2017/01/manavgat-kultur-merkezi-29.jpg"
"4337","2017/01/Side-Antique-city-Temple-of-Apollo.jpg"
"4338","2017/01/Side-Antique-city.jpg"
"4339","2017/01/side-antique.jpg"
"4340","2017/01/waterfall.jpg"
"4343","2017/01/aspendos.jpg"
"4344","2017/01/MANAVGAT-ŞELALESİ.jpg"
"4345","2017/01/manavgat-1.jpg"
"4347","2017/01/kemal-gulercan.jpg"
"4351","2017/01/Screenshot_20170108-175736.png"
"4352","2017/01/Screenshot_20170108-175752.png"
"4353","2017/01/Screenshot_20170108-175815.png"
"4354","2017/01/Screenshot_20170108-175839.png"
"4357","2017/01/Bodrum-–-Gulf-Of-Gokova-–-Bodrum-AC-Cleopatra-island.jpg"
"4358","2017/01/m_gokova_orak_cabin_charters_in_turkey_and_greek_islands.jpg"
"4359","2017/01/gulet-cruises-charter.jpg"
"4360","2017/01/swim-sunbath.jpg"
"4361","2017/01/dalyan.jpg"
"4362","2017/01/Dalyan-delta-boat-trip.jpg"
"4363","2017/01/lycian_rock-cut_tombs__fethiye__turkey.jpg"
"4364","2017/01/tombs.jpg"
"4367","2017/01/dalyan-mud.jpg"
"4368","2017/01/dalyan_mudbath2.jpg"
"4382","2017/01/cabrio-bus-safari-side.jpg"
"4389","2017/01/Ephesus.jpg"
"4390","2017/01/ephesus-2.jpg"
"4391","2017/01/ephesus-3.jpg"
"4392","2017/01/ephesus-4.jpg"
"4393","2017/01/ephesus-amphitheatre.jpg"
"4394","2017/01/House-of-Virgin-Mary-3.jpg"
"4395","2017/01/virginmaryhouseinside.jpg"
"4396","2017/01/Mary-of-ephesus.jpg"
"4398","2017/01/alanya-boat-trip.jpg"
"4399","2017/01/alanya-catamaran-boat-trip.jpg"
"4400","2017/01/alanya-catamaran-boat-trip2.jpg"
"4401","2017/01/Alanya-boat-tour-sea-turtle.jpeg"
"4405","2017/01/antalya-museum-2.jpg"
"4406","2017/01/antalya-museum-w.jpg"
"4407","2017/01/kale.jpg"
"4409","2017/01/aspendos-1.jpg"
"4410","2017/01/aspendos1.jpg"
"4411","2017/01/Perge.jpg"
"4412","2017/01/side.jpg"
"4417","2017/01/Myrto.jpg"
"4425","2017/01/manavgat-boats.jpg"
"4426","2017/01/manavgat-bazaar.jpg"
"4427","2017/01/alanya-turkish.jpg"
"4428","2017/01/wohoo.jpg"
"4429","2017/01/manavgat-bazaar2.jpg"
"4440","2017/01/cabrio-bus-safari-side2.jpg"
"4451","2017/01/1.jpg"
"4452","2017/01/2.jpg"
"4453","2017/01/5.jpg"
"4454","2017/01/6.jpg"
"4455","2017/01/7.jpg"
"4456","2017/01/8.jpg"
"4458","2017/01/Myrto2.jpg"
"4459","2017/01/Myrto3.jpg"
"4466","2017/01/FB_IMG_1482418418891.jpg"
"4483","2017/01/GOPR2347.jpg"
"4488","2017/01/IMG_8281_-e1489010697850.jpg"
"4489","2017/01/IMG_8286_-e1489010827563.jpg"
"4490","2017/01/IMG_8291_-e1484837730748.jpg"
"4491","2017/01/IMG_8320_-e1489011859347.jpg"
"4492","2017/01/IMG_8339_.jpg"
"4493","2017/01/IMG_8347_-e1484839222720.jpg"
"4494","2017/01/AirBrush_20161206101307.jpg"
"4495","2017/01/LRM_EXPORT_20161206_093813.jpg"
"4496","2017/01/LRM_EXPORT_20161206_095741.jpg"
"4497","2017/01/LRM_EXPORT_20161206_095944-e1484839352113.jpg"
"4498","2017/01/LRM_EXPORT_20161206_093407.jpg"
"4499","2017/01/LRM_EXPORT_20161206_093501.jpg"
"4500","2017/01/AirBrush_20161206101354.jpg"
"4501","2017/01/LRM_EXPORT_20161206_093645-e1484838280219.jpg"
"4502","2017/01/LRM_EXPORT_20161206_100229-e1489010984914.jpg"
"4503","2017/01/LRM_EXPORT_20161206_100309-e1484838407383.jpg"
"4529","2017/01/Bosphorus-dınner1.jpeg"
"4530","2017/01/dinner-cruise3.png"
"4531","2017/01/dinner-cruise-istanbul.jpg"
"4532","2017/01/ist-night-cr.jpg"
"4533","2017/01/ist-night.jpg"
"4534","2017/01/istanbul-by-night_.jpg"
"4535","2017/01/istanbul-ight_.jpg"
"4538","2017/01/kervansaray.jpg"
"4539","2017/01/kervansaray-alanya.jpg"
"4540","2017/01/kervansaray-mekan.jpg"
"4542","2017/01/unspecified-52.jpg"
"4556","2017/01/izmir-night.png"
"4557","2017/01/Izmir-photo-tour.jpg"
"4558","2017/01/izmir-photo.jpg"
"4559","2017/01/izmir.jpg"
"4564","2017/01/FB_IMG_1481045216885-1.jpg"
"4565","2017/01/FB_IMG_1482418388547.jpg"
"4566","2017/01/FB_IMG_1482418418891-2.jpg"
"4567","2017/01/FB_IMG_1482418471761.jpg"
"4568","2017/01/FB_IMG_1483357300843.jpg"
"4569","2017/01/FB_IMG_1484467510479.jpg"
"4570","2017/01/FB_IMG_1484467544339.jpg"
"4571","2017/01/FB_IMG_1484467562482-1.jpg"
"4573","2017/01/FB_IMG_1480066470359-1.jpg"
"4574","2017/01/FB_IMG_1482402674096-1.jpg"
"4575","2017/01/IMG-20161125-WA0001.jpg"
"4576","2017/01/IMG-20161125-WA0002.jpg"
"4577","2017/01/IMG-20161126-WA0039.jpg"
"4584","2017/01/IMG_4349.jpg"
"4585","2017/01/IMG-20161126-WA0016.jpg"
"4586","2017/01/Kakopetria2.jpg"
"4587","2017/01/P4270438.jpg"
"4589","2017/01/20161201_131948.jpg"
"4590","2017/01/FB_IMG_1484926973858.jpg"
"4591","2017/01/FB_IMG_1484927292981.jpg"
"4592","2017/01/FB_IMG_1484927637400.jpg"
"4593","2017/01/FB_IMG_1484929848741.jpg"
"4594","2017/01/IMG-20161126-WA0051.jpg"
"4599","2017/01/20170106_155132.jpg"
"4600","2017/01/FB_IMG_1480884131053.jpg"
"4602","2017/01/FB_IMG_1482418422871.jpg"
"4603","2017/01/FB_IMG_1484930815069.jpg"
"4605","2017/01/FB_IMG_1483026152363.jpg"
"4606","2017/01/FB_IMG_1483026161155.jpg"
"4607","2017/01/FB_IMG_1483026163733.jpg"
"4610","2017/01/FB_IMG_1484931210362.jpg"
"4611","2017/01/FB_IMG_1484931246636.jpg"
"4612","2017/01/FB_IMG_1484931260920.jpg"
"4629","2017/01/7N4B7524cq-Copy.jpg"
"4630","2017/01/7N4B7751ff.jpg"
"4631","2017/01/7N4B7808fy-Copy.jpg"
"4632","2017/01/7N4B8282lo.jpg"
"4633","2017/01/7N4B8406nl.jpg"
"4634","2017/01/7N4B9035to.jpg"
"4635","2017/01/7N4B9061tz.jpg"
"4636","2017/01/7N4B9066uc.jpg"
"4640","2017/01/FB_IMG_1480919822207.jpg"
"4641","2017/01/IMG-20161126-WA0036.jpg"
"4642","2017/01/kibris-cevre-platformu-altin-kumsaldaki-festivale-karsi-bakanliktan-cevap-bekleniyor-9546.jpg"
"4644","2017/01/14666279_10209488526423042_4689243700955640911_n.jpg"
"4645","2017/01/14522747_10209234729118268_7725087048356310428_n.jpg"
"4646","2017/01/14883645_10209573976799248_5747961520781264348_o.jpg"
"4647","2017/01/623668-lala-mustafa-pasa-camii.jpg"
"4648","2017/01/11001462953_632987b6ac_b.jpg"
"4649","2017/01/Varosha-once-a-popular-and-modern-tourist-hotspots-in-Famagusta-Cyprus-is-now-a-crumbling-ghost-city.jpg"
"4650","2017/01/forbidden_zone_2.jpg"
"4651","2017/01/unspecified-47.jpg"
"4659","2017/01/furkan.jpg"
"4683","2017/01/ArtemisTrail.jpg"
"4684","2017/01/CaledoniaWaterfall.jpg"
"4685","2017/01/CaledoniaWaterfallTrail.jpg"
"4687","2017/01/Artemistrail3.jpg"
"4688","2017/01/Artemistrail8600450.jpg"
"4689","2017/01/Artemistrail15600450.jpg"
"4690","2017/01/Artemistrail16600450.jpg"
"4691","2017/01/Artemistrail19600450.jpg"
"4692","2017/01/Caledonia.jpg"
"4694","2017/01/IMG_20160428_130358.jpg"
"4695","2017/01/IMG_20160616_123316.jpg"
"4696","2017/01/received_1215547658476168.jpeg"
"4697","2017/01/20161116_162431.jpg"
"4698","2017/01/20161201_225316.jpg"
"4699","2017/01/chickens.jpg"
"4700","2017/01/20161108_082333.jpg"
"4701","2017/01/20161201_225506.jpg"
"4702","2017/01/20161201_225438.jpg"
"4703","2017/01/Caledoniatrail4600450.jpg"
"4704","2017/01/Caledoniatrail9600450.jpg"
"4705","2017/01/Caledoniatrail17600450.jpg"
"4708","2017/01/Kantara_castle.jpg"
"4709","2017/01/Kantara_walk2.jpg"
"4710","2017/01/Kantara_walk4.jpg"
"4711","2017/01/Walled-Famagusta.jpg"
"4712","2017/01/Karpasia.jpg"
"4713","2017/01/Karpasia_East_coast.jpg"
"4714","2017/01/Pachyammos.jpg"
"4717","2017/01/Bufavento_castle.jpg"
"4718","2017/01/BellaPais.jpg"
"4719","2017/01/BellaPais_Pentadactylos1.jpg"
"4720","2017/01/BellaPais_Pentadactylos2.jpg"
"4721","2017/01/Panagia_tou_Sinti_church.jpg"
"4722","2017/01/PanagiaTouSintiMonastery.jpg"
"4723","2017/01/Xeros_potamos_river.jpg"
"4724","2017/01/Xeros_Potamos_valley_from_east.jpg"
"4725","2017/01/Xeros_Potamos_valley_riverbed.jpg"
"4726","2017/01/A5_Milos_Tis_Malountas_watermill.jpg"
"4727","2017/01/VouniPanagias.jpg"
"4728","2017/01/VouniPanagias1.jpg"
"4729","2017/01/VouniPanagias2.jpg"
"4731","2017/01/Ayios_Nikolaos_tis_Stegis_Unesco_World_Heritage_Troodos_Painted_Church.jpg"
"4732","2017/01/Kakopetria_village_old_part.jpg"
"4733","2017/01/Akamas_north_coast_walk_from_high.jpg"
"4734","2017/01/Akamasoldmonastery.jpg"
"4735","2017/01/AkamasPanorama.jpg"
"4736","2017/01/AkamasPanorama5.jpg"
"4737","2017/01/Lefkara_Dam.jpg"
"4738","2017/01/Lefkaradam.jpg"
"4739","2017/01/art1.jpg"
"4740","2017/01/art2.jpg"
"4741","2017/01/art3.jpg"
"4742","2017/01/art4.jpg"
"4743","2017/01/art5.jpg"
"4744","2017/01/art6.jpg"
"4745","2017/01/maria.jpg"
"4749","2017/01/Lefkara_dam2.jpg"
"4750","2017/01/Pano_Lefkara.jpg"
"4751","2017/01/Pano_Lefkara1.jpg"
"4758","2017/02/lets-unite-nicosia-cycling.jpg"
"4759","2017/02/winery.jpg"
"4760","2017/02/kakopetria-trodos.jpg"
"4761","2017/02/gourmet.jpg"
"4762","2017/02/8535248620_738729e76b_o.jpg"
"4763","2017/02/acro-yoga.jpg"
"4767","2017/02/15622635_10154957946154759_8992439465217176903_n.jpg"
"4768","2017/02/16143157_10155038700494759_2676827877747901445_n.jpg"
"4775","2017/02/kelephos-medieval-venetian-bridge.jpg"
"4776","2017/02/vrodisia-for-mitsu_2_orig.jpg"
"4794","2016/12/beach-horses-shadows-kk.jpg"
"4795","2016/12/Beach-Trail.jpg"
"4796","2016/12/cover_1024x342.jpg"
"4798","2017/02/554a620dc70223_27812224.jpeg"
"4799","2017/02/alanya-horse-riding.jpeg"
"4800","2017/02/tour_img-388340-145.jpg"
"4801","2017/02/horse-shadow.jpg"
"4803","2017/02/fethiye-oludeniz-horse-riding.jpg"
"4804","2017/02/horse-oludeniz.jpg"
"4805","2017/02/horse-riding-excursion-Fethiye.jpg"
"4807","2017/02/horse_safari_marmaris.jpg"
"4808","2017/02/horse-riding.jpg"
"4809","2017/02/Horse_riding_daisy_field.jpg"
"4810","2017/02/20796414-269-640x853.jpg"
"4816","2017/02/alanya-Excursions-Lazy-Day-Boat-Trip2.jpg"
"4817","2017/02/Alanya-phosphorus-cave.jpg"
"4818","2017/02/boat.jpg"
"4819","2017/02/lovers-cave-alanya.jpg"
"4820","2017/02/shore-excursion-lazy-day-boat-trip-in-alanya-242043.jpg"
"4822","2017/02/kemer-viking-boat.jpg"
"4823","2017/02/pirates-cave-kemer.jpg"
"4824","2017/02/Phaselis-ancient-city-Kemer-Antalya-Turkey2.jpg"
"4825","2017/02/Phaselis-ancient-city-Kemer-Antalya-Turkey.jpg"
"4829","2017/02/bicy1.jpg"
"4830","2017/02/bicy2.jpg"
"4831","2017/02/bicy3.jpg"
"4832","2017/02/bicy4.jpg"
"4833","2017/02/bicy5.jpg"
"4834","2017/02/bicy6-e1486924654140.jpg"
"4835","2017/02/bicy7.jpg"
"4852","2017/01/lefke.jpg"
"4853","2017/01/lefke2.jpg"
"4854","2017/01/lefke3.jpg"
"4855","2017/01/lefke4.jpg"
"4903","2017/02/Plan-Tours-Guests-on-Tour-2-1.jpg"
"4904","2017/02/Plan-Tours-Guests-on-Tour-2-5.jpg"
"4905","2017/02/Rüstem-Paşa-Mosque.jpg"
"4906","2017/02/Topkapı-Palace-3.jpg"
"4907","2017/02/Topkapı-Palace-9-Kaşıkçı-Diamond.jpg"
"4908","2017/02/Ptour-low.jpg"
"4909","2017/02/Topkapı-Palace-Ottoman-Military-Band-low.jpg"
"4910","2017/02/Topkapı-Palace-low.jpg"
"4911","2017/02/Topkapı-Palace-low2.jpg"
"4912","2017/01/Hagia-Sophia-8.jpg"
"4913","2017/01/Hippodrome-Serpentine-Column.jpg"
"4914","2017/02/Bosphorus-1.jpg"
"4915","2017/02/Bosphorus-2.jpg"
"4916","2017/02/Rumeli-Fortress-1.jpg"
"4917","2017/02/Spice-Bazaar-1.jpg"
"4918","2017/02/Spice-Bazaar-3.jpg"
"4919","2017/02/To-Be-Seen-During-The-Tour-1.jpg"
"4920","2017/02/Rumeli-Fortress-2.jpg"
"4921","2017/02/To-Be-Seen-During-The-Tour-1-1.jpg"
"4922","2017/02/2.-Pierre-Loti-Café.jpg"
"4923","2017/02/3.-Cable-Car.jpg"
"4924","2017/02/1.jpg"
"4925","2017/02/Bridge-4.jpg"
"4926","2017/02/Dolmabahçe-Palace-8.jpg"
"4927","2017/02/Dolmabahçe-Palace-9.jpg"
"4928","2017/02/Plan-Tours-Guests-on-Tour-5-8.jpg"
"4929","2017/02/Plan-Tours-Guests-on-Tour-5-10.jpg"
"4931","2017/02/1.-Horse-Drawn-Carriages.jpg"
"4932","2017/02/2.-Fish-Restaurant-8.jpg"
"4933","2017/02/Plan-Tours-Guests-on-Tour-7-1.jpg"
"4934","2017/02/Plan-Tours-Guests-on-Tour-7-4.jpg"
"4935","2017/02/Plan-Tours-Guests-on-Tour-7-8.jpg"
"4936","2017/02/Plan-Tours-Guests-on-Tour-7-10.jpg"
"4937","2017/02/Plan-Tours-Guests-on-Tour-7-14.jpg"
"4938","2017/02/Plan-Tours-Guests-on-Tour-7-17.jpg"
"4940","2017/02/02-Table-1.jpg"
"4941","2017/02/03-Table-2.jpg"
"4942","2017/02/05-Guests-2.jpg"
"4943","2017/02/07-Shows-1.jpg"
"4944","2017/02/08-Shows-4.jpg"
"4945","2017/02/09-Shows-3.jpg"
"4946","2017/02/10-Belly-Dancer-1.jpg"
"4947","2017/02/11-Shows-5.jpg"
"4948","2017/02/12-Shows-2.jpg"
"4949","2017/02/15.jpg"
"4950","2017/02/16.jpg"
"4951","2017/02/17.jpg"
"4952","2017/02/18.jpg"
"4953","2017/02/19.jpg"
"4954","2017/02/20.jpg"
"4955","2017/02/21.jpg"
"4956","2017/02/Miniatürk-1.jpg"
"4957","2017/02/Miniatürk-2.jpg"
"4958","2017/02/Miniatürk-3.jpg"
"4959","2017/02/1.-St.-Chora-Museum-1.jpg"
"4960","2017/02/Miniatürk-7.jpg"
"4961","2017/02/2.-St.-Chora-Museum-2.jpg"
"4962","2017/02/Miniatürk-8.jpg"
"4963","2017/02/3.-St.-Chora-Museum-4.jpg"
"4964","2017/02/Miniatürk-9.jpg"
"4965","2017/02/4.-St.-Chora-Museum-5.jpg"
"4966","2017/02/Miniatürk-10.jpg"
"4967","2017/02/5.-Anemas-Dungeons.jpg"
"4968","2017/02/6.-Tekfur-Palace-2.jpg"
"4969","2017/02/7.-Tekfur-Palace-3.jpg"
"4970","2017/02/Miniatürk-11.jpg"
"4971","2017/02/Miniatürk-12.jpg"
"4972","2017/02/Miniatürk-13.jpg"
"4973","2017/02/Miniatürk-16.jpg"
"4974","2017/02/Miniatürk-17.jpg"
"4975","2017/02/Miniatürk-18.jpg"
"4976","2017/02/Miniatürk-26.jpg"
"4977","2017/02/içeride-3.-foto.jpg"
"4981","2017/02/DSC3529.jpg"
"4982","2017/02/DSC3569tl.jpg"
"4983","2017/02/DSC3604.jpg"
"4984","2017/02/DSC3619.jpg"
"4985","2017/02/DSC3623.jpg"
"4986","2017/02/DSC3630.jpg"
"4987","2017/02/Diving-area-for-beginners.jpg"
"4988","2017/02/we-are-based-here....jpg"
"4989","2017/02/pic.1.jpg"
"4990","2017/02/happy-divers.jpg"
"4998","2017/02/diving-e1487283164479.jpg"
"4999","2017/02/learn-to-dive-e1487283180482.jpg"
"5000","2017/02/octopus1-e1487283163733.jpg"
"5001","2017/02/octopuss-e1487283009851.jpg"
"5003","2017/02/octopus-deep1.jpg"
"5005","2017/02/octopus-deep2.jpg"
"5006","2017/02/octopus-deep3-e1487282932116.jpg"
"5007","2017/02/octopusing-e1487282993374.jpg"
"5041","2017/02/16810873_10212221484995104_75217716_o_-e1487446344334.jpg"
"5046","2017/02/run.jpg"
"5047","2017/02/run2.jpg"
"5048","2017/02/running.jpg"
"5050","2017/02/naimonat1.jpg"
"5051","2017/02/naimonat2.png"
"5052","2017/02/naimonat3.jpg"
"5053","2017/02/naimonat4.jpg"
"5054","2017/02/naimonat5.jpg"
"5055","2017/02/naimonat6.jpg"
"5056","2017/02/naimonat8.jpg"
"5057","2017/02/naimonat9.jpg"
"5058","2017/02/naimonat10.jpg"
"5059","2017/02/naimonat11.jpg"
"5076","2017/02/ledun-image.jpg"
"5083","2017/02/28.jpg"
"5084","2017/02/0-Ana-Resim.jpg"
"5085","2017/02/3.jpg"
"5086","2017/02/23.jpg"
"5087","2017/02/29.jpg"
"5088","2017/02/34.jpg"
"5089","2017/02/36.jpg"
"5090","2017/02/37.jpg"
"5091","2017/02/38.jpg"
"5092","2017/02/41.jpg"
"5093","2017/02/44.jpg"
"5094","2017/02/45.jpg"
"5095","2017/02/ic3.jpg"
"5099","2016/05/sega1.jpg"
"5100","2017/02/sega8.jpg"
"5101","2016/05/sega2.jpg"
"5102","2016/05/sega3.jpg"
"5103","2016/05/sega4.jpg"
"5104","2016/05/sega5.jpg"
"5105","2016/05/sega6.jpg"
"5106","2016/05/sega7.jpg"
"5107","2016/05/sega8.jpg"
"5109","2017/02/safe-payment-logo-banner.png"
"5113","2016/05/omorfo1.jpg"
"5114","2016/05/omorfo2.jpg"
"5115","2016/05/omorfo3.jpg"
"5116","2016/05/omorfo4.jpg"
"5117","2016/05/omorfo5.jpg"
"5118","2016/05/omorfo6.jpg"
"5119","2016/05/omorfo7.jpg"
"5120","2016/05/omorfo8.jpg"
"5121","2016/05/omorfo9.jpg"
"5122","2016/04/semra.jpg"
"5125","2016/05/trek1.jpg"
"5126","2016/05/trek2.jpg"
"5127","2016/05/trek3.jpg"
"5128","2016/05/trek4.jpg"
"5129","2016/05/trek5.jpg"
"5130","2016/05/trek6.jpg"
"5131","2016/05/trek7.jpg"
"5132","2016/05/trek8.jpg"
"5133","2016/05/trek9.jpg"
"5134","2016/05/trek10.jpg"
"5135","2016/04/lefkara14.jpg"
"5136","2016/04/lefkara16.jpg"
"5139","2016/04/lefkara3.jpg"
"5140","2016/04/lefkara4.jpg"
"5141","2016/04/lefkara5.jpg"
"5142","2016/04/lefkara8.jpg"
"5143","2016/04/lefkara13.jpg"
"5144","2016/05/lefkara18.jpg"
"5145","2016/05/lefkara19.jpg"
"5146","2016/05/lefkara20.jpg"
"5147","2016/05/lefkara21.jpg"
"5148","2016/05/lefkara6.jpg"
"5149","2016/05/lefkara7.jpg"
"5150","2016/05/lefkara9.jpg"
"5151","2016/05/lefkara15.jpg"
"5153","2016/05/lefkara17.jpg"
"5154","2016/04/lefkosan1.jpg"
"5155","2016/04/lefkosan2.jpg"
"5156","2016/04/lefkosan3.jpg"
"5157","2016/04/lefkosan4.jpg"
"5158","2016/04/lefkosan5.jpg"
"5159","2016/04/lefkosan6.jpg"
"5160","2016/04/lefkosan7.jpg"
"5161","2016/04/yoga1.jpg"
"5162","2016/04/yoga3.jpg"
"5163","2016/04/yoga4.jpg"
"5164","2016/04/yoga5.jpg"
"5165","2016/04/yoga1-1.jpg"
"5166","2016/04/yoga2.jpg"
"5167","2016/04/yoga3-1.jpg"
"5168","2016/04/yoga4-1.jpg"
"5169","2016/04/yoga5-1.jpg"
"5170","2016/04/yoga6.jpg"
"5171","2016/04/yoga7.jpg"
"5172","2016/04/pack3.png"
"5173","2016/04/dive5.jpg"
"5174","2016/04/packing1.jpg"
"5175","2016/04/packing2.jpg"
"5177","2016/04/yoga2-1.jpg"
"5178","2016/04/yoga3-2.jpg"
"5179","2016/04/yoga4-2.jpg"
"5180","2016/04/yoga5-2.jpg"
"5181","2016/04/yoga6-1.jpg"
"5184","2016/04/surf1.jpg"
"5185","2016/04/surf2.jpg"
"5186","2016/04/surf3.jpg"
"5187","2016/04/surf1-1.jpg"
"5188","2016/04/surf3-1.jpg"
"5189","2016/04/surf5.jpg"
"5190","2016/05/turtle1.jpg"
"5191","2016/05/turtle1-1.jpg"
"5192","2016/05/turtle2.jpg"
"5193","2016/05/turtle3.jpg"
"5194","2016/05/turtle4.jpg"
"5195","2016/05/turtle5.jpg"
"5196","2016/05/turtle6.jpg"
"5206","2017/02/1..jpg"
"5207","2017/02/2..jpg"
"5208","2017/02/3..jpeg"
"5209","2017/02/4..jpg"
"5210","2017/02/asf.jpg"
"5211","2017/02/içeri-1.-resim.jpg"
"5212","2017/02/bergama7.jpg"
"5213","2017/02/bgimg.jpg"
"5214","2017/02/Temple-Of-Trajan-Pergamon-562x375.jpg"
"5216","2017/02/pamukkale_turkey.jpg"
"5217","2017/02/pamukkale29892739ky9.jpg"
"5218","2017/02/pamukkale-turkey-hot-springs_60701_990x742.jpg"
"5236","2017/02/16990319_10212291958476897_208428588_o-e1488034267889.jpg"
"5255","2017/02/FlamingosinLarnacaSaltLake.jpg"
"5256","2017/02/Omodos_1.jpg"
"5261","2017/02/içeride-3.-resim.jpg"
"5262","2017/02/içeri-3.-resim.jpg"
"5263","2017/02/Cappadocia-1.jpg"
"5264","2017/02/Cappadocia-2.jpg"
"5265","2017/02/Cappadocia-4.jpg"
"5266","2017/02/Cappadocia-5.jpg"
"5267","2017/02/Cappadocia-6.jpg"
"5268","2017/02/Cappadocia-8.jpg"
"5269","2017/02/Cappadocia-9.jpg"
"5270","2017/02/Cappadocia-10.jpg"
"5271","2017/02/Cappadocia-11.jpg"
"5272","2017/02/Cappadocia-12.jpg"
"5273","2017/02/Cappadocia-15.jpg"
"5274","2017/02/Cappadocia-16.jpg"
"5275","2017/02/Cappadocia-17.jpg"
"5276","2017/02/Cappadocia-18.jpg"
"5277","2017/02/Cappadocia-19.jpg"
"5278","2017/02/Cappadocia-20.jpg"
"5279","2017/02/Cappadocia-21.jpg"
"5280","2017/02/Cappadocia-22.jpg"
"5281","2017/02/Cappadocia-23.jpg"
"5282","2017/02/Cappadocia-24.jpg"
"5283","2017/02/Cappadocia-25.jpg"
"5284","2017/02/Celsus-Library-3.jpg"
"5285","2017/02/Marble-Street.jpg"
"5286","2017/02/Pope-John-Paul-II-at-Virgin-Mary-s-House.jpg"
"5287","2017/02/Temple-of-Hadrian-1.jpg"
"5288","2017/02/Temple-of-Hadrian-2.jpg"
"5289","2017/02/Virgin-Mary-s-House.jpg"
"5291","2017/02/Anzacs-1.jpg"
"5292","2017/02/Anzacs-3.jpg"
"5293","2017/02/canakkale_sehitler_abidesi.jpg"
"5294","2017/02/Trojan-Horse-2.jpg"
"5295","2017/02/içeri-2.-resim.jpg"
"5296","2017/02/içeri-3.-resim-1.jpg"
"5298","2017/02/Adsız.jpg"
"5299","2017/02/Konya-Whirling-Dervishes-4.jpg"
"5300","2017/02/Konya-Whirling-Dervishes-5.jpg"
"5301","2017/02/içeri-1.-resim-1.jpg"
"5302","2017/02/içeri-2.-resim-1.jpg"
"5303","2017/02/sayfa.jpg"
"5304","2017/02/ya-da-bu-ana-sayfa.jpg"
"5309","2017/03/Akamas-walk-Adonis03.jpg"
"5310","2017/03/Karpaz-walking-tatlisu-2.jpg"
"5311","2017/03/Karpaz-agro-walking03.jpg"
"5312","2017/03/Kormacit-accomm-Ruso02.jpg"
"5313","2017/03/Kormacit-gen-walk01.jpg"
"5314","2017/03/Kyrenia-Walking-Besparmak-3.jpg"
"5315","2017/03/Troodos-walking-Atalante02.jpg"
"5316","2017/03/West-Coast-general-orchid-2.jpg"
"5317","2017/03/West-Coast-general-orchid.jpg"
"5318","2017/03/West-Coast-Walking-Cape2.jpg"
"5319","2017/03/West-coast-walking-Kormacit-round-3.jpg"
"5320","2017/03/West-Coast-Lefke-Mining08.jpg"
"5321","2017/03/West-Coast-walk-Baglikoy03.jpg"
"5334","2017/03/walking.png"
"5347","2017/03/rock-climber.png"
"5351","2017/03/anzac.png"
"5352","2017/02/romantic-bosp.png"
"5353","2017/03/1.jpg"
"5381","2017/03/baklava.jpg"
"5382","2017/03/cheese.jpg"
"5383","2017/03/cita.jpg"
"5384","2017/03/eggs.jpg"
"5385","2017/03/leaves.jpg"
"5386","2017/03/olives.jpg"
"5387","2017/03/ozsut.jpg"
"5388","2017/03/sebse.jpg"
"5389","2017/03/sebze.jpg"
"5390","2017/03/turkish-pide.jpg"
"5391","2017/03/fish.jpg"
"5392","2017/03/fish2.jpg"
"5393","2017/03/fish3.jpg"
"5394","2017/03/yummy.jpg"
"5395","2017/03/culli1.jpg"
"5396","2017/03/culli2.jpg"
"5397","2017/03/done.jpg"
"5398","2017/03/hatay.jpg"
"5399","2017/03/hatay2.jpg"
"5400","2017/03/hatay3.jpg"
"5401","2017/03/hayyam-yani.jpg"
"5402","2017/03/hey.jpg"
"5403","2017/03/lokum.jpg"
"5404","2017/03/meze.jpg"
"5405","2017/03/midye.jpg"
"5406","2017/03/tursucu.jpg"
"5407","2017/03/tursucu1.jpg"
"5408","2017/03/religionstour_icon-01.png"
"5420","2017/03/bicy2-600x4051.jpg"
"5421","2017/03/12788499_10154023265622996_675688740_o-600x6001-e1489839074938.jpg"
"5426","2017/03/multi-day_tour_icon-03.png"
"5427","2017/03/self-guide_tour_icon-04.png"
"5433","2017/03/Autism-Awareness-Banner-1.jpg"
"5442","2017/03/IMG_1896.jpg"
"5461","2017/04/Easter.jpg"
"5464","2017/04/Cappadocia-Hiking-5.jpg"
"5465","2017/04/patika4-e1491250364187.jpg"
"5466","2017/04/high-ropes-e1491250408684.jpg"
"5471","2017/04/hiking5-e1491287228105.jpg"
"5472","2017/04/2460875-fotografci-e1491287655363.jpg"
"5474","2017/04/Kalavac5-e1491287856152.jpg"
"5478","2017/04/sahabetour19.png"
"5479","2017/04/sahabetour18.png"
"5489","2017/04/BeFunky-Collage2a-e1491371059960.jpg"
"5494","2017/04/sahabetour16.png"
"5495","2017/04/sahabetour24.png"
"5541","2017/04/tur-1-1.jpg"
"5542","2017/04/tur-1-2.jpg"
"5543","2017/04/tur-1-3.jpg"
"5551","2017/04/tur-3-1.jpg"
"5552","2017/04/tur-3-2.jpg"
"5553","2017/04/tur-3-3.jpg"
"5554","2017/04/tur-5-1.jpg"
"5555","2017/04/tur-5-2.jpg"
"5557","2017/04/tur-5-3.jpg"
"5558","2017/04/tur-6-1.jpg"
"5559","2017/04/tur-6-2.jpg"
"5560","2017/04/tur-6-3.jpg"
"5561","2017/04/tur-7-1.jpg"
"5562","2017/04/tur-7-2.jpg"
"5563","2017/04/tur-7-3.jpg"
"5564","2017/04/tur-8-1.jpg"
"5565","2017/04/tur-8-2.jpg"
"5566","2017/04/tur-8-3.jpg"
"5567","2017/04/tur-9-1.jpg"
"5568","2017/04/tur-9-2.jpg"
"5569","2017/04/tur-10-2.jpg"
"5570","2017/04/tur-10-3.jpg"
"5571","2017/04/tur-11-1.jpg"
"5572","2017/04/tur-11-2.jpg"
"5573","2017/04/tur-11-3.jpg"
"5574","2017/04/tur-12-1.jpg"
"5575","2017/04/tur-12-2.jpg"
"5576","2017/04/tur-12-3.jpg"
"5577","2017/04/tur-13-1.jpg"
"5578","2017/04/tur-13-2.jpg"
"5579","2017/04/tur-13-3.jpg"
"5580","2017/04/tur-14-1.jpg"
"5582","2017/04/tur-15-1.jpg"
"5583","2017/04/tur-15-2.jpg"
"5584","2017/04/tur-15-3.jpg"
"5585","2017/04/tur-16-1.jpg"
"5586","2017/04/tur-16-2.png"
"5587","2017/04/tur-16-3.jpg"
"5588","2017/04/tur-17-1.jpg"
"5589","2017/04/tur-17-2.jpg"
"5590","2017/04/tur-17-3.jpg"
"5591","2017/04/tur-18-1.jpg"
"5592","2017/04/tur-18-2.jpg"
"5593","2017/04/tur-18-3.jpg"
"5594","2017/04/tur-19-1.jpg"
"5595","2017/04/tur-19-3.jpg"
"5596","2017/04/tur-20-1.jpg"
"5597","2017/04/tur-20-2.jpg"
"5598","2017/04/tur-20-3.jpg"
"5599","2017/04/tur-21-1.jpg"
"5600","2017/04/tur-21-2.jpg"
"5601","2017/04/tur-21-3.jpg"
"5602","2017/04/tur-22-1.jpg"
"5603","2017/04/tur-22-2.jpg"
"5604","2017/04/tur-22-3.jpg"
"5605","2017/04/tur-23-1.png"
"5606","2017/04/tur-23-2.jpg"
"5607","2017/04/tur-23-3.jpg"
"5608","2017/04/tur-24-1.jpg"
"5609","2017/04/tur-24-2.jpg"
"5610","2017/04/tur-24-3.jpg"
"5611","2017/04/tur-25-1.jpg"
"5612","2017/04/tur-25-2.jpg"
"5613","2017/04/tur-25-3.jpg"
"5614","2017/04/tur-26-1.jpg"
"5615","2017/04/tur-26-2.jpg"
"5616","2017/04/tur-26-3.jpg"
"5617","2017/04/tur-26-4.png"
"5618","2017/04/tur-27-1.jpg"
"5619","2017/04/tur-27-2.jpg"
"5620","2017/04/tur-27-3.jpg"
"5621","2017/04/tur-28-1.jpg"
"5622","2017/04/tur-28-2.jpg"
"5623","2017/04/tur-28-3.jpg"
"5624","2017/04/tur-29-1.jpg"
"5625","2017/04/tur-29-2.jpg"
"5626","2017/04/tur-29-3.jpg"
"5627","2017/04/tur-29-4.jpg"
"5628","2017/04/tur-30-1.jpg"
"5629","2017/04/tur-30-2.jpg"
"5630","2017/04/tur-30-3.jpg"
"5631","2017/04/tur-31-1.jpg"
"5632","2017/04/tur-31-2.jpg"
"5633","2017/04/tur-31-3.jpg"
"5634","2017/04/tur-32-1.jpg"
"5635","2017/04/tur-32-2.jpg"
"5636","2017/04/tur-33-1.jpg"
"5637","2017/04/tur-33-2.jpg"
"5638","2017/04/tur-33-3.jpg"
"5639","2017/04/tur-34-1.jpg"
"5640","2017/04/tur-34-2.jpg"
"5641","2017/04/tur-34-3.jpg"
"5642","2017/04/tur-35-1.jpg"
"5643","2017/04/tur-35-2.jpg"
"5644","2017/04/tur-35-3.jpg"
"5645","2017/04/tur-36-1.jpg"
"5646","2017/04/tur-36-3.jpg"
"5647","2017/04/tur-37-2.jpg"
"5648","2017/04/tur-37-3.jpg"
"5649","2017/04/tur-38-1.jpg"
"5650","2017/04/tur-38-2.jpg"
"5651","2017/04/tur-38-3.jpg"
"5652","2017/04/tur-39-2.jpg"
"5653","2017/04/tur-39-3.jpg"
"5654","2017/04/tur-40-1.jpg"
"5655","2017/04/tur-40-2.jpg"
"5656","2017/04/tur-40-3.jpg"
"5657","2017/04/tur-41-1.jpg"
"5658","2017/04/tur-41-2.jpg"
"5659","2017/04/tur-41-3.jpg"
"5660","2017/04/tur-42-1.jpg"
"5661","2017/04/tur-42-2.jpg"
"5662","2017/04/tur-43-1.jpg"
"5663","2017/04/tur-43-2.jpg"
"5664","2017/04/tur-43-3.jpg"
"5665","2017/04/tur-44-1.jpg"
"5666","2017/04/tur-44-2.jpg"
"5667","2017/04/tur-44-3.jpg"
"5668","2017/04/tur-45-1.jpg"
"5669","2017/04/tur-45-2.jpg"
"5670","2017/04/tur-45-3.jpg"
"5671","2017/04/tur-46-1.jpg"
"5672","2017/04/tur-46-2.jpg"
"5673","2017/04/tur-46-3.jpg"
"5674","2017/04/tur-4-1_.jpg"
"5675","2017/04/tur-4-2_.jpg"
"5676","2017/04/tur-4-3_.jpg"
"5677","2017/04/tur-9-3_.jpg"
"5678","2017/04/tur-10-1_.jpg"
"5679","2017/04/tur-14-2_.jpg"
"5680","2017/04/tur-19-2_.jpg"
"5681","2017/04/tur-36-2_.jpg"
"5682","2017/04/tur-37-1_.jpg"
"5683","2017/04/tur-39-1_.jpg"
"5684","2017/04/tur-14-3.jpg"
"5799","2017/04/tur-2-1.jpg"
"5800","2017/04/tur-2-2.png"
"5801","2017/04/tur-2-3.jpg"
"5813","2017/04/testing.jpg"
"5814","2017/04/17434897_10154381068131596_377397601570434499_o.jpg"
"5837","2017/04/Ahrida-Synagogue.jpg"
"5838","2017/04/Jewish-Heritage-3.jpg"
"5839","2017/04/Jewish-Heritage-4.jpg"
"5840","2017/04/Sultan-Beyazid-II.-welcoming-the-Sepharads.jpg"
"5841","2017/04/ana-sayfa-fotosu.jpg"
"5842","2017/04/iç-1.-resim.jpg"
"5843","2017/04/iç-2.-resim.jpg"
"5844","2017/04/iç-3.-resim.jpg"
"5846","2017/04/Hagia-Sophia-1.jpg"
"5848","2017/04/St.-Chora-Museum-1.jpg"
"5849","2017/04/St.-Chora-Museum-5.jpg"
"5861","2017/04/Bird-watching.png"
"5865","2017/04/Oroklini_walk.jpg"
"5866","2017/04/Oroklini_walk_1.jpg"
"5867","2017/04/Oroklini_walk_2.jpg"
"5868","2017/04/Oroklini_walk_3.jpg"
"5869","2017/04/Oroklini_walk_4.jpg"
"5870","2017/04/Oroklini_walk_5.jpg"
"5871","2017/04/Oroklini_walk_6.jpg"
"5872","2017/04/Oroklini_walk_7.jpg"
"5873","2017/04/Oroklini_walk_8.jpg"
"5874","2017/04/AgiaNapaCaves.jpg"
"5875","2017/04/AgiaNapaCoast.jpg"
"5876","2017/04/Cape_greko.jpg"
"5877","2017/04/Cape_Greko_Climbed.jpg"
"5878","2017/04/Cape_Greko_sunset.jpg"
"5879","2017/04/Kamara_to_Koraka.jpg"
"5880","2017/04/KonnosBeach.jpg"
"5883","2017/04/Whirling-Dervishes-3.jpg"
"5884","2017/04/Whirling-Dervishes-1.jpg"
"5885","2017/04/Whirling-Dervishes-2.jpg"
"5895","2016/02/17792340_10213195574909485_593618598_n.jpg"
"5919","2017/04/Slow-Food.jpg"
"5920","2017/04/Komi-Kebir-6.jpg"
"5921","2017/04/Komi-Kebir-2.jpg"
"5922","2017/04/Komi-Kebir-4.jpg"
"5923","2017/04/Komi-Kebir-7.jpg"
"5924","2017/04/Komi-Kebir-3.jpg"
"5970","2017/05/Nicosia-Old-Town-by-Duyal-1_.jpg"
"5971","2017/05/Nicosia-Old-Town-by-Duyal-2_.jpg"
"5972","2017/05/Nicosia-Old-Town-by-Duyal-3_.jpg"
"5973","2017/05/Nicosia-Old-Town-by-Duyal-4_.jpg"
"5974","2017/05/Nicosia-Old-Town-by-Duyal-5_.jpg"
"5975","2017/05/Nicosia-Old-Town-by-Duyal-6_.jpg"
"5976","2017/05/Nicosia-Old-Town-by-Duyal-1__.jpg"
"6001","2017/05/15317942_10154109368608344_7406953986522441326_n.jpg"
"6002","2017/05/15400399_10154061185083344_7158420166285496595_n.jpg"
"6003","2017/05/15442391_10154091135393344_2269717084405966447_n.jpg"
"6004","2017/05/15621722_10154109382803344_5735899206597778761_n.jpg"
"6005","2017/05/14642158_10153923941643344_1426922099589510051_n.jpg"
"6006","2017/05/14962605_10153974655713344_7071272494318006577_n.jpg"
"6007","2017/05/15326384_10154054641443344_8631289141360456548_n.jpg"
"6011","2017/05/Kyrenia-Harbor-by-Duyal-11_.jpg"
"6012","2017/05/Kyrenia-Harbor-by-Duyal-1_.jpg"
"6013","2017/05/Kyrenia-Harbor-by-Duyal-2_.jpg"
"6014","2017/05/Kyrenia-Harbor-by-Duyal-3_.jpg"
"6015","2017/05/Kyrenia-Harbor-by-Duyal-4_.jpg"
"6016","2017/05/Kyrenia-Harbor-by-Duyal-5_.jpg"
"6017","2017/05/Kyrenia-Harbor-by-Duyal-6_.jpg"
"6018","2017/05/Kyrenia-Harbor-by-Duyal-7_.jpg"
"6019","2017/05/Kyrenia-Harbor-by-Duyal-8_.jpg"
"6020","2017/05/Kyrenia-Harbor-by-Duyal-9_.jpg"
"6021","2017/05/Kyrenia-Harbor-by-Duyal-10_.jpg"
"6022","2017/05/Bellapais-by-Duyal-1_.jpg"
"6023","2017/05/Bellapais-by-Duyal-2_.jpg"
"6024","2017/05/Bellapais-by-Duyal-3_.jpg"
"6025","2017/05/Bellapais-by-Duyal-4_.jpg"
"6027","2017/05/Bellapais-by-Duyal-6_.jpg"
"6028","2017/05/Bellapais-by-Duyal-7_.jpg"
"6029","2017/05/Bellapais-by-Duyal-8_.jpg"
"6030","2017/05/Bellapais-by-Duyal-9_.jpg"
"6031","2017/05/Bellapais-by-Duyal-10_.jpg"
"6032","2017/05/Bellapais-by-Duyal-11_.jpg"
"6033","2017/05/Bellapais-by-Duyal-12_.jpg"
"6034","2017/05/Bellapais-by-Duyal-13_.jpg"
"6046","2017/05/1536667_1542577035955889_2142817890626387597_n1.jpg"
"6047","2017/05/18028_1646676215545970_6411162253918001357_n1.jpg"
"6048","2017/05/10659378_1542577172622542_530198098855070500_n1.jpg"
"6049","2017/05/10676145_1542574569289469_4670897088222280033_n1.jpg"
"6051","2017/05/10387677_1542572875956305_3643234006064775987_n1.jpg"
"6052","2017/05/10670232_1542574482622811_6364891141598923667_n1.jpg"
"6053","2017/05/Duyal-Tüzün_.jpg"
"6054","2017/05/dam.jpg"
"6055","2017/05/11061953_1646677402212518_5046771743494890710_n.jpg"
"6068","2017/05/1613_1376442922569302_1657417335_n.jpg"
"6069","2017/05/10687930_1542572705956322_4121914454077148103_o.jpg"
"6074","2017/03/Capture.png"
"6076","2017/05/Karpaz-biking-tatlisu01.jpg"
"6077","2017/05/Karpaz-biking-tatlisu02.jpg"
"6078","2017/05/Kyrenia-Biking-Antiphonitis.jpg"
"6079","2017/05/Kyrenia-general-AntifonitisInside01.jpg"
"6080","2017/05/Bafra-Biking-5_.jpg"
"6081","2017/05/Bafra-Biking-11_.jpg"
"6083","2017/05/ford-fiesta.jpg"
"6084","2017/05/Karpaz-general-Pergamonitissia.jpg"
"6085","2017/05/Karpaz-general-St.-Andreas-3.jpg"
"6086","2017/05/Karpaz-general-donkey.jpg"
"6087","2017/05/Kormacit-gen-Dance02-W.jpg"
"6088","2017/05/Kyrenia-general-Kyrenia-Castle.jpg"
"6089","2017/05/Kyrenia-Road-Besparmak-3.jpg"
"6090","2017/05/Kyrenia-Road-Besparmak-5.jpg"
"6091","2017/05/Kyrenia-Road-Besparmak-6.jpg"
"6092","2017/05/Kyrenia-Road-Besparmak-7.jpg"
"6093","2017/05/West-Coast-general-CMC-Pier-Gemikonagi-1.jpg"
"6094","2017/05/West-Coast-general-Kayalar-1.jpg"
"6095","2017/05/West-Coast-Road-Kayalar-2.jpg"
"6098","2017/04/AoYpub_Sm9TUD7Rnt2sDDERPPb3jmUsPAbdKM28P2kNz.jpg"
"6099","2017/04/kato-drys-1.jpg"
"6100","2017/04/IMG_4580_.jpg"
"6101","2017/04/IMG_4640_.jpg"
"6102","2017/04/IMG_4673_.jpg"
"6103","2017/04/IMG_4681_.jpg"
"6104","2017/04/IMG_9936_.jpg"
"6105","2017/04/20160623_102417_.jpg"
"6106","2017/04/IMG_4563_.jpg"
"6107","2017/05/2017-03-17_161812_.jpg"
"6108","2017/05/2017-03-17_164618_.jpg"
"6109","2017/05/IMG_0724_.jpg"
"6110","2017/05/IMG_3347_.jpg"
"6111","2017/05/IMG_4766_.jpg"
"6112","2017/05/IMG_4780_.jpg"
"6113","2017/05/IMG_4820_.jpg"
"6114","2017/05/paphos-things-to-do-meat-meze-restaurant-paphos.jpg"
"6115","2017/05/IMG_4791_.jpg"
"6116","2017/04/DSC03278_.jpg"
"6117","2017/04/DSC03292_.jpg"
"6118","2017/04/DSC03301_.jpg"
"6119","2017/04/DSC04051_.jpg"
"6120","2017/04/IMG_4113_.jpg"
"6121","2017/04/IMG_4166_.jpg"
"6122","2017/04/IMG_4167_.jpg"
"6123","2017/04/IMG_4168_.jpg"
"6124","2017/04/IMG_4172_.jpg"
"6125","2017/04/IMG_4464_.jpg"
"6126","2017/04/IMG_4497_.jpg"
"6127","2017/04/IMG_4512_.jpg"
"6128","2017/04/IMG_4519_.jpg"
"6129","2017/04/IMG_4801_.jpg"
"6130","2017/04/IMG_9596_.jpg"
"6139","2017/05/18472653_10211395429734433_1702933995_o.jpg"
"6140","2017/05/18493670_10211395429134418_297956663_o.jpg"
"6141","2017/05/18518914_10211395429534428_1114161984_o.jpg"
"6161","2017/06/18403958_1174051792724277_8907648705998348212_o.jpg"
