"430","125"
"668","125"
"688","125"
"699","125"
"816","125"
"822","125"
"859","125"
"917","125"
"942","125"
"981","125"
"989","125"
"998","125"
"999","125"
"1022","125"
"1024","125"
"1025","125"
"1110","125"
"1126","125"
"1128","125"
"1129","125"
"1148","125"
"1233","125"
"1333","125"
"1365","125"
"1379","125"
"1490","125"
"1491","125"
"1492","125"
"1502","125"
"1514","125"
"1537","125"
"1600","125"
"1612","125"
"1751","125"
"1774","125"
"1809","125"
"1815","125"
"1852","125"
"1854","125"
"1858","125"
"1862","125"
"1868","125"
"1876","125"
"1880","125"
"1881","125"
"1882","125"
"2029","125"
"2041","125"
"2118","125"
"2161","125"
"2163","125"
"2172","125"
"2179","125"
"2203","125"
"2369","125"
"2453","125"
"2454","125"
"2455","125"
"2642","125"
"2707","125"
"2819","125"
"2863","125"
"2874","125"
"2880","125"
"3041","125"
"3048","125"
"3080","125"
"3086","125"
"3100","125"
"3102","125"
"3103","125"
"3310","125"
"3344","125"
"3390","125"
"3393","125"
"3460","125"
"3469","125"
"3477","125"
"3479","125"
"3488","125"
"3489","125"
"3500","125"
"3522","125"
"3523","125"
"3552","125"
"3553","125"
"3580","125"
"3581","125"
"3583","125"
"3586","125"
"3587","125"
"3590","125"
"3591","125"
"3593","125"
"3601","125"
"3625","125"
"3663","125"
"3664","125"
"3683","125"
"3687","125"
"3742","125"
"3745","125"
"3746","125"
"3748","125"
"3749","125"
"3841","125"
"3871","125"
"3883","125"
"3891","125"
"3903","125"
"3937","125"
"3940","125"
"3941","125"
"3946","125"
"3947","125"
"3950","125"
"3997","125"
"4001","125"
"4002","125"
"4018","125"
"4025","125"
"4060","125"
"4063","125"
"4066","125"
"4092","125"
"4110","125"
"4118","125"
"4120","125"
"4141","125"
"4176","125"
"4181","125"
"4194","125"
"4196","125"
"4203","125"
"4208","125"
"4209","125"
"4212","125"
"4221","125"
"4229","125"
"4237","125"
"4251","125"
"4252","125"
"4299","125"
"4313","125"
"4317","125"
"4329","125"
"4332","125"
"4333","125"
"4341","125"
"4346","125"
"4356","125"
"4377","125"
"4380","125"
"4383","125"
"4397","125"
"4408","125"
"4416","125"
"4424","125"
"4430","125"
"4439","125"
"4447","125"
"4450","125"
"4460","125"
"4463","125"
"4465","125"
"4480","125"
"4521","125"
"4523","125"
"4541","125"
"4572","125"
"4583","125"
"4588","125"
"4596","125"
"4604","125"
"4609","125"
"4628","125"
"4637","125"
"4638","125"
"4639","125"
"4643","125"
"4672","125"
"4674","125"
"4675","125"
"4676","125"
"4677","125"
"4678","125"
"4679","125"
"4693","125"
"4771","125"
"4772","125"
"4788","125"
"4790","125"
"4793","125"
"4797","125"
"4802","125"
"4806","125"
"4828","125"
"4839","125"
"4844","125"
"4862","125"
"4864","125"
"4865","125"
"4866","125"
"4887","125"
"4888","125"
"4889","125"
"4890","125"
"4891","125"
"4892","125"
"4893","125"
"4895","125"
"4896","125"
"4897","125"
"4898","125"
"4980","125"
"4992","125"
"4994","125"
"5002","125"
"5004","125"
"5183","125"
"5198","125"
"5199","125"
"5200","125"
"5201","125"
"5202","125"
"5220","125"
"5221","125"
"5222","125"
"5224","125"
"5227","125"
"5228","125"
"5229","125"
"5230","125"
"5231","125"
"5232","125"
"5259","125"
"5374","125"
"5477","125"
"5493","125"
"5496","125"
"5497","125"
"5498","125"
"5499","125"
"5500","125"
"5501","125"
"5502","125"
"5503","125"
"5504","125"
"5506","125"
"5507","125"
"5508","125"
"5510","125"
"5512","125"
"5513","125"
"5514","125"
"5515","125"
"5517","125"
"5518","125"
"5519","125"
"5520","125"
"5521","125"
"5522","125"
"5523","125"
"5524","125"
"5525","125"
"5526","125"
"5527","125"
"5528","125"
"5529","125"
"5530","125"
"5531","125"
"5532","125"
"5533","125"
"5534","125"
"5535","125"
"5536","125"
"5537","125"
"5538","125"
"5539","125"
"5796","125"
"5797","125"
"5798","125"
"5804","125"
"5821","125"
"5825","125"
"5826","125"
"5830","125"
"5831","125"
"5853","125"
"5854","125"
"5860","125"
"5887","125"
"5890","125"
"5891","125"
"5892","125"
"5939","125"
"5943","125"
"5944","125"
"5945","125"
"5964","125"
"5969","125"
"6009","125"
"6010","125"
"6042","125"
"6043","125"
"6045","125"
"6075","125"
"6082","125"
"6150","125"
"688","126"
"813","126"
"816","126"
"935","126"
"981","126"
"989","126"
"998","126"
"999","126"
"1024","126"
"1025","126"
"1110","126"
"1126","126"
"1129","126"
"1148","126"
"1379","126"
"1502","126"
"1514","126"
"1600","126"
"1612","126"
"1751","126"
"1852","126"
"1854","126"
"1858","126"
"1862","126"
"1868","126"
"1876","126"
"1880","126"
"1881","126"
"1882","126"
"2041","126"
"2118","126"
"2179","126"
"2203","126"
"2453","126"
"2454","126"
"2455","126"
"2642","126"
"2707","126"
"3202","126"
"3344","126"
"3390","126"
"3393","126"
"3460","126"
"4628","126"
"4643","126"
"4828","126"
"5821","126"
